Customer_id;date_inscription
CUST-2KYXXXW1NK7I;2023-07-17
CUST-NR43XRT2PXYG;2023-09-07
CUST-CH58P8PSVIYU;2021-08-24
CUST-CI7JQHW4TIYT;2021-12-22
CUST-3QHP3KL4NPP2;2020-12-20
CUST-24HVQPZX5YLL;2021-08-26
CUST-FTWLEOUVAAPD;2024-08-06
CUST-TA459CNFKWS7;2023-06-15
CUST-BBCH81JAM8HT;2023-08-12
CUST-IH6Q0NM4GJ76;2020-07-10
CUST-K4X5NRCDCT2R;2024-03-08
CUST-N2XACDNZOIRE;2023-02-12
CUST-HZNP2UZLT0N1;2020-12-11
CUST-U2FMDYLEAYF4;2022-12-21
CUST-T0WUQRZCFU4J;2022-08-19
CUST-0P9K9MICI4V3;2024-08-14
CUST-5WA4V8PAJBPS;2024-02-19
CUST-8WEWLATXXN7Z;2023-07-27
CUST-RQWQLWMV9LYD;2022-05-01
CUST-RUBU0VIX8PHM;2023-03-10
CUST-U979SENPJIZ4;2020-10-20
CUST-G855A5IWG3E7;2021-01-08
CUST-IQ2VD0Z4P23O;2023-06-20
CUST-PPKW5FTDO4YJ;2023-07-31
CUST-98A69EZZHF1X;2022-03-27
CUST-IITJR1HQF1KT;2023-11-11
CUST-UI6ZTWOV90XA;2023-07-03
CUST-BPNW6XNEK135;2020-01-04
CUST-1K5AP5CTJF8L;2020-01-16
CUST-Q0YC5GMIN1Q8;2023-04-22
CUST-MAXR3R0I03W8;2020-06-05
CUST-IAMG8R83TDVH;2023-01-31
CUST-ITNBOGNOPPNL;2020-06-28
CUST-TU8TRE0HYI4T;2023-08-26
CUST-EUI0W596FITT;2020-11-30
CUST-7J8401TD6HUA;2024-05-16
CUST-RMJH448WK6FC;2020-04-01
CUST-SKRGMY5QF2MU;2020-06-21
CUST-CIRXNF7L3LPZ;2020-01-21
CUST-6LPT9NVHLXAS;2020-01-25
CUST-1H1Q7HBI3TGY;2023-01-21
CUST-LQOWV80Y17PJ;2020-05-26
CUST-C3UJLHF0P9WF;2024-05-01
CUST-7BEENKHRH7Z9;2020-03-28
CUST-Y346TRL5BOV1;2023-05-12
CUST-8ZKMV3RL6IG8;2023-05-07
CUST-CBQ4AU4JDC6U;2023-06-03
CUST-R1LL9JZQUZ98;2024-04-08
CUST-VROCTXO872KO;2022-06-04
CUST-QA27AIPS7MOB;2022-11-20
CUST-4PDDW1N4IKUJ;2023-01-02
CUST-0HBUN7GQ9MLB;2021-12-23
CUST-5IV3802T8ZLZ;2020-05-24
CUST-B7RGZUXIGPZS;2024-03-14
CUST-TJ4FJM0BW1HC;2023-04-12
CUST-H1AGXQRXODCE;2024-07-21
CUST-US1JL2S6ZNRY;2021-02-06
CUST-YEMOC8C1CFMM;2024-01-08
CUST-EGIOL2A81CTG;2021-09-17
CUST-4BF8JATJWGUV;2022-02-03
CUST-E7GG3TOPDHLS;2021-12-09
CUST-XV9A1SH2UL84;2024-01-03
CUST-6RZGSN9ZQWJW;2020-01-28
CUST-WXUIK6191CJM;2024-01-15
CUST-TWIBOUNZO4CZ;2023-03-30
CUST-J5XV9Y6BAYJC;2021-02-27
CUST-TAKCQKNUYBBV;2021-08-27
CUST-IP3VVZS54Y9R;2024-01-27
CUST-BGI8TLN611YT;2024-05-31
CUST-UGDP9TNLIE6J;2024-07-21
CUST-M4VRY37N0AWK;2021-08-23
CUST-EOFUH09GHE77;2020-05-21
CUST-SZ9IS3Q1LBEP;2024-08-14
CUST-VLPF23IRUPWD;2023-09-19
CUST-XM8RRL5OAEFB;2024-04-09
CUST-A0XQKE1O6HFW;2021-07-30
CUST-2TFQQNW62X66;2023-08-01
CUST-FEC8O1JR9MO3;2022-06-13
CUST-4K0X2T5C2S8B;2021-10-04
CUST-5Y9E8NWLVUMV;2023-09-10
CUST-LGCCKXXKM94V;2022-03-26
CUST-E5DCOJX1KNU6;2022-12-14
CUST-L1NSG844O4TX;2023-02-05
CUST-S6NQ0FFZXKDJ;2022-05-13
CUST-TD9DPRKJITFB;2022-04-18
CUST-2AZPZMMRCE93;2021-06-15
CUST-G1126XA65X3A;2023-11-05
CUST-PTXRYW2UTIBE;2024-06-02
CUST-CQB4S7KWGQXT;2024-07-29
CUST-1ZDHXOZEMYZP;2021-02-14
CUST-VUDJSFA1QQMY;2024-03-15
CUST-09XGTC8T3PTU;2024-02-25
CUST-KXH7PQNYYJQG;2020-01-09
CUST-XTE68F57NK4T;2022-11-09
CUST-7H9ODYT4HY87;2022-06-20
CUST-W6PKR8270WAW;2022-11-01
CUST-AMDUNGJI6IWN;2022-10-17
CUST-0HMQXE0NAT8E;2024-06-23
CUST-Y5OA1VI96JN5;2021-12-28
CUST-R7V6MO5BWM8R;2020-10-04
CUST-9QIMN9DLBIKY;2021-09-10
CUST-NX93YCQG2UXF;2023-12-06
CUST-HTD5XDWB3BPD;2023-08-12
CUST-K7NLVJN9YROX;2021-03-17
CUST-8YIF5KNRBIHH;2024-04-12
CUST-Y91QO4HT4O3Z;2020-04-16
CUST-JRTX6KB1I3WJ;2020-09-17
CUST-72MDBI8K3N31;2022-08-21
CUST-8N1BEICC03L9;2023-08-16
CUST-MAP006L060GS;2023-04-16
CUST-OQNZSBHJV3E6;2023-09-10
CUST-UA7E4HH8ALP8;2022-03-29
CUST-00QETTAN10VF;2020-10-22
CUST-M9A1EOFPZJF3;2020-07-06
CUST-ZBRVG94X6KGN;2023-09-26
CUST-AABLXXVTQEUU;2021-05-02
CUST-C6LVM2Q35MAC;2022-05-07
CUST-V3WH289V8WFP;2022-10-19
CUST-MF4CIAJXS5B3;2020-12-05
CUST-4JQLOABUSVKP;2022-05-11
CUST-LLD3AHT960V0;2022-11-25
CUST-1G4I3FY9KFKL;2021-10-16
CUST-BIZOR6CPOP4J;2024-07-20
CUST-NCGM2OJDY1IV;2020-12-19
CUST-6T6C2UOFNRUZ;2023-08-04
CUST-8O1PSSEJ9C6S;2023-06-16
CUST-IBP1WPS4FDJP;2024-05-12
CUST-V625TQ0DIVDJ;2023-04-10
CUST-GI40APZ7ZJZJ;2020-11-12
CUST-L99QEXFV9WTS;2024-08-14
CUST-8XJZ216JHN0A;2021-08-05
CUST-IHKRWKQITGC7;2022-04-02
CUST-NA0KHE4KQKLM;2020-02-11
CUST-2S6HU4MSDC58;2021-01-09
CUST-5WTM3662JRA4;2020-01-12
CUST-9JJ8DPOBG4YR;2023-07-24
CUST-B24HR4L517TY;2023-03-03
CUST-ZEIYK5LGT1HS;2022-01-30
CUST-RP5S7DKH80QT;2022-01-25
CUST-MF3HEA17M7V8;2021-03-02
CUST-1ONJ7ZNXPR49;2021-03-22
CUST-ZC5YWD7JP00G;2021-02-19
CUST-P9LRMYJ4JC2H;2022-08-24
CUST-LVLQ6GYQE13S;2021-06-13
CUST-L0WX63MBDUIL;2022-07-22
CUST-Z1B1EE87TLBF;2021-04-11
CUST-ZDESK5YWIJGP;2021-07-04
CUST-KPXLPI8AR1FQ;2024-05-24
CUST-GTJP4N63T9IG;2021-11-23
CUST-NIN7Z68N71EA;2024-04-21
CUST-ZI2SBLDVDQ7W;2020-10-08
CUST-N2XKKN2EXQ25;2022-07-07
CUST-D9SJHP4B5EMZ;2020-01-21
CUST-JXI1P75D8GQ9;2024-04-04
CUST-0RI37NIYOIN3;2024-04-13
CUST-GOYA1JI07CJH;2020-11-22
CUST-JIY7XG2L8OND;2022-04-08
CUST-IWV59VHXA6K2;2024-05-26
CUST-PKB6BE7Y5D0X;2024-05-01
CUST-7X1QBYLFWJ26;2023-02-02
CUST-NAD626BID1BJ;2023-02-06
CUST-BDW0HDZS7OTV;2021-09-28
CUST-0989T7NYS7MC;2020-09-24
CUST-B5WE2W47NEES;2022-02-07
CUST-5QLR4DBUFULX;2020-06-18
CUST-TDH6CV9E3T9A;2021-12-25
CUST-MLRVF73OMIWL;2022-07-04
CUST-ENHET3DO6149;2024-04-11
CUST-67XXKSM2EJ09;2020-07-07
CUST-A7RDBIAW4ENG;2022-06-21
CUST-EMHY5IYGDSON;2020-12-05
CUST-0RB0X4WTXMHY;2024-01-31
CUST-8E36AR077T3S;2023-03-17
CUST-LTBS2JZQ4FYN;2021-09-25
CUST-J5Y9F6O109GQ;2022-05-05
CUST-1QPUY4PPCR1X;2021-12-20
CUST-NM44X6KE1GUQ;2023-01-18
CUST-7WDV7QW8G8WT;2020-01-20
CUST-UN4TU8BYC8GY;2020-04-16
CUST-D3CR2838IJ77;2023-05-24
CUST-OVRF3BFC49F4;2023-04-11
CUST-5QIXWZV7ONBC;2021-12-19
CUST-4BQT9COX70KL;2024-06-04
CUST-ZD0P19RIKB3B;2023-12-25
CUST-FWE88UY1X9HX;2024-06-28
CUST-3SD2HX0MWBDP;2020-02-04
CUST-9SBDRZ728025;2024-08-14
CUST-NW09I436BFE4;2022-11-05
CUST-XYVN088SORZN;2024-03-29
CUST-B6ZJMMDZA03A;2023-09-08
CUST-AXIFECUD2IRH;2023-07-19
CUST-INCOJEESYPPA;2023-09-29
CUST-JEAGZQ2J58OJ;2024-02-03
CUST-AXE3HTQ1XUDV;2022-08-30
CUST-424DSXTHA9TR;2023-09-19
CUST-KLX4YYWVM5LJ;2020-02-29
CUST-JBMWPJI76T28;2021-04-15
CUST-DU1UPZXSDVG2;2023-11-21
CUST-MQFLBC5OXRZ1;2023-04-29
CUST-VHDU99ARFRKM;2021-01-26
CUST-W9PTLMJSV68D;2021-12-29
CUST-Q5V5A07TQE6Z;2021-09-20
CUST-BYQOZJ5FVO8S;2024-02-01
CUST-FKADSKYYD1YB;2023-01-07
CUST-WXNR2PI2YYSU;2021-01-28
CUST-H6KDJF2YI83O;2022-07-17
CUST-21XPJKDCSBFY;2022-10-31
CUST-EVWOPWH7EXET;2020-11-24
CUST-N76H5UXDRO2T;2021-11-13
CUST-0W47P5LOYXTV;2023-02-15
CUST-2PRIVGZAJP44;2022-01-22
CUST-VXIWY26F99V3;2023-06-19
CUST-AV67D95UQCIW;2024-05-08
CUST-2HLFCQHTP2TL;2023-05-03
CUST-NO5YQ0QFBNJJ;2023-09-09
CUST-SZRC4A8PAXOJ;2023-11-21
CUST-HYSE5YE7XVEZ;2024-05-14
CUST-L06SMHG52AZX;2020-06-14
CUST-3YMOYDJ0W9QX;2023-10-07
CUST-HPR0M4J8PC92;2020-08-23
CUST-VCPMTYMM7LSI;2022-05-16
CUST-NUPCP9FNGKED;2024-04-27
CUST-IUZJ38T2IJQ2;2024-07-12
CUST-N43VH2OYWQQ0;2022-03-16
CUST-CDD3DJ0EQN6B;2021-01-19
CUST-WSN2NDX94YOS;2023-07-19
CUST-412GHG0090JH;2020-10-09
CUST-7VRMSSS06SXB;2023-03-15
CUST-3GFRN7TVBSAZ;2022-03-15
CUST-13PFK9XGDKIG;2020-09-24
CUST-C7CCSQURVF6D;2022-04-26
CUST-NNIFGAW3C6MC;2020-04-03
CUST-Z8BI7D451ROW;2023-03-07
CUST-45O42TT3DR3Y;2023-01-28
CUST-FAMIJC0JYJQ5;2023-01-06
CUST-IHN1HQRI7PYJ;2021-10-01
CUST-EQ27DAF3EU53;2021-08-13
CUST-M1FY5D1PRUJ8;2020-08-01
CUST-VBW8ULOYCXCM;2021-01-28
CUST-A4ACGVNI5EPV;2024-07-10
CUST-NKULSZHSXDYX;2024-05-30
CUST-UEF3VD2KB18E;2021-10-20
CUST-01LJRKZ8WOCL;2023-08-21
CUST-3F47X2KHYXQM;2024-08-14
CUST-Z3RZ327DSIF6;2022-09-18
CUST-9F4LHHFEUC43;2020-01-18
CUST-YC8CSXX5GAG2;2021-09-05
CUST-0UESFOHYJKXE;2020-08-30
CUST-U70VCMHWASJE;2020-12-14
CUST-GBX04JE9JLH3;2024-06-23
CUST-HSPAJL24UWMP;2021-07-03
CUST-XGOXJLIO8DZD;2022-11-10
CUST-JQ3EKJNFSSQ4;2022-07-19
CUST-QL4AAC0U06FX;2020-03-02
CUST-DW0KBRCTB8XN;2020-11-14
CUST-ZDVAUKT7DIPQ;2023-09-07
CUST-NA417AIRZEV3;2023-06-06
CUST-C0JP2N08B7WJ;2021-01-15
CUST-NQZE75HZFMUW;2023-11-26
CUST-RZBMZ6B1B5G3;2020-04-30
CUST-NL1PCY4GORUD;2024-06-08
CUST-EQNMEA6Y34V9;2022-11-27
CUST-YFTWVYAEH5IE;2020-12-17
CUST-JGF6N3NDXVIN;2024-07-24
CUST-VHYUIGMTGSPC;2023-04-15
CUST-H98UW8JDRAEP;2023-06-08
CUST-8LZCONDEGQ2Y;2020-08-27
CUST-FWLDHTAOM7RQ;2023-04-22
CUST-8W7RSD6EZHXZ;2020-11-18
CUST-WSHBC1QYS5AC;2024-04-27
CUST-LRRYR3J5JBUU;2020-11-11
CUST-XEAMJFIA09S1;2023-10-12
CUST-OUDEGNHDDUHS;2021-10-22
CUST-1PPQOJRGPBW0;2021-06-24
CUST-VHH75CFF9E31;2024-04-12
CUST-XMFWU3J0JYLH;2024-01-17
CUST-USY71ST037WO;2021-12-14
CUST-NKUFXGTOU2S3;2020-06-02
CUST-V3331OM24C8S;2021-01-09
CUST-IA7OLTJV1ZNU;2020-11-29
CUST-X9SXS837DKWB;2023-08-19
CUST-TWQUHP20P72F;2022-12-22
CUST-8P9LKZFAAMCE;2023-11-25
CUST-S800E5GE73LP;2022-05-04
CUST-UOOWGLWG215X;2023-02-20
CUST-6KZHTDKLMH3I;2022-10-26
CUST-6Q4ZJ1A0IJQT;2021-04-13
CUST-791JAJIFNP8Q;2023-03-09
CUST-XQHQG7URLS4H;2022-08-06
CUST-7OR41YLDARMF;2023-09-29
CUST-4IEEBNR2V25U;2021-10-03
CUST-D2OPTF7E73RA;2022-12-15
CUST-MTHKBGZIZXOV;2023-04-21
CUST-MP67A03BJL6D;2021-12-04
CUST-XZU20IHWME3B;2022-04-03
CUST-RVRTM9VWEUOC;2021-04-11
CUST-19IJ4IJ1TPX7;2022-12-10
CUST-BTILIB2I6LP6;2020-01-31
CUST-3B6QYXU4RF71;2024-02-26
CUST-8P4YOUY27OFV;2024-02-08
CUST-DNIO2MRJHQEJ;2024-08-14
CUST-I7SEFU1HY1DN;2022-08-08
CUST-YIQ75RD4GT9K;2022-07-14
CUST-QD5ZYN6M0R3V;2021-11-27
CUST-TOOYKOIXYABY;2022-11-25
CUST-WLCVVU9JAR6Z;2023-05-14
CUST-CEKUELJIF6X2;2022-08-11
CUST-KZYA7LB4ITVI;2020-02-26
CUST-59AD6KEFR7M4;2022-03-07
CUST-DQD98PY76Q0T;2022-07-15
CUST-SCHPFOCM3VD0;2023-03-08
CUST-O26G5KZ8054M;2023-02-02
CUST-CDKB612854AE;2022-07-22
CUST-MULNX6Z9314V;2024-01-16
CUST-QQORG65WLB2G;2021-08-10
CUST-3N2GY50BSCOF;2024-03-17
CUST-LAY4IGUPZHVJ;2020-07-19
CUST-5IFCVAEURGKS;2024-04-10
CUST-LJUSB06MJC1A;2023-06-13
CUST-SR4600EC2QHI;2022-09-15
CUST-LBWLO5B3IRBT;2022-02-20
CUST-Z3DWY95XHKEF;2022-03-29
CUST-JT0QRQ16CXMI;2024-03-08
CUST-X3688I3J8DNC;2022-09-26
CUST-PJH53RXIEWBF;2022-07-21
CUST-BVYIANR1ECI0;2020-12-18
CUST-5AMB55U3GHBJ;2022-10-31
CUST-2EYZVNKWGV4W;2020-09-03
CUST-R0CPZ865CU3R;2020-05-16
CUST-IELMY9YTAQEU;2021-08-17
CUST-QM3XQWWGMCYT;2022-01-15
CUST-UEKPM18JSSZ7;2023-01-27
CUST-Z482RA27GGHR;2022-06-06
CUST-5GYTN0PJTB7X;2024-04-12
CUST-55Z0INRKQVJ0;2020-10-16
CUST-UUE6CA1055D0;2022-03-22
CUST-54B31OA6XSHC;2021-01-31
CUST-KE87XQX0S64O;2023-03-20
CUST-CA82ELYP41NL;2024-07-18
CUST-571F0XDIFCZD;2020-10-10
CUST-U3VW237SI223;2020-05-22
CUST-WKR5QTWF96OT;2022-02-01
CUST-XTI5CYMZILEB;2021-03-08
CUST-ICC5C6MNWFRE;2020-07-26
CUST-5PFT71YJP9RC;2024-06-16
CUST-X26QG6JQAGGN;2021-02-22
CUST-UJLT9BM0A9RY;2024-01-31
CUST-KIVJSO4NDEYP;2020-01-02
CUST-ZS4R5Q33M2IM;2022-10-27
CUST-20KVHBNQCQDR;2023-05-26
CUST-2S0TW972XMDX;2023-06-01
CUST-TY0XEDPL06ZZ;2021-02-09
CUST-SHHZDP7TBTHI;2021-10-14
CUST-GD5A2IB5ROFS;2022-07-21
CUST-1NA9C273B31I;2021-05-22
CUST-RJAFVN77FZDR;2022-04-13
CUST-O4A2ZBPHM0DI;2022-04-05
CUST-XOG109TDC4BT;2024-08-14
CUST-YRY4CZLZJF4Z;2022-11-11
CUST-20X81S5U92Y9;2022-02-01
CUST-UKT542YSQHE9;2021-09-21
CUST-GHV48D87QM79;2020-10-13
CUST-7212VL6W1MOG;2022-06-06
CUST-9XT8ODBQKUI9;2023-11-24
CUST-D2MPY3F6OOXT;2022-02-18
CUST-DPHU7NVYGTIG;2021-05-30
CUST-ONQ0J93YM4WQ;2022-09-27
CUST-A66HAV79SA18;2022-01-13
CUST-6RW8AWH3M13X;2023-07-19
CUST-YBFQ9PSVIAZD;2022-05-14
CUST-GAZO9Y1TLB7R;2020-04-07
CUST-RHSGKHADAJ91;2020-01-01
CUST-SRO19AIKN9FV;2022-04-18
CUST-8KBKK4HC1BEI;2023-07-01
CUST-FS1SM9VFKF93;2024-06-03
CUST-RO3ZCYHAKF53;2022-01-28
CUST-A5ED6XLF1OFT;2023-09-26
CUST-4SWHGR2H3GK0;2021-04-11
CUST-JEULO8FHQSCF;2023-03-04
CUST-LZ9AAILNGL9M;2020-02-19
CUST-G1MX76T7707P;2024-07-14
CUST-ON6RHQV2JXW1;2024-04-02
CUST-5JPS4CSXFB1O;2022-07-16
CUST-509KRGJNX1BB;2023-06-12
CUST-VBNVXS3XX1JK;2023-06-05
CUST-J3GODQEJ3K81;2024-06-04
CUST-XA74A2UN27PV;2023-06-18
CUST-KC7PJIH8HSEI;2022-03-21
CUST-A5IQJYPHJGL4;2022-08-20
CUST-D9KS454ILGD2;2021-11-24
CUST-DBMSW21V2UAQ;2021-03-26
CUST-XRX9LL68SMWH;2022-09-04
CUST-7R9TA0KWG51Q;2020-09-08
CUST-43271JY7Y2KG;2022-08-20
CUST-SOHIHHD05M22;2020-01-26
CUST-U5UBJO2YUWDE;2023-07-03
CUST-XIXVNDKTAMSI;2022-07-01
CUST-ZE19RHY7HJ0W;2023-10-10
CUST-D3PLLO2F345D;2021-12-18
CUST-9AJ3JE6BI9LO;2020-01-10
CUST-EFD24N3ON53F;2021-12-25
CUST-DO4J3Y13YN2V;2020-09-25
CUST-LXX4YIWAP006;2023-07-17
CUST-L1LT225V4RUM;2021-09-25
CUST-PZGMOJTCS76B;2020-06-02
CUST-CR2QQBBTI5K6;2020-09-08
CUST-LIQWE9V1LXNU;2023-02-05
CUST-TOAAL0GO1PCL;2021-05-12
CUST-3WMLI1LSMVOX;2021-02-25
CUST-P4QSP5SFP9FP;2023-12-22
CUST-76XUI4DAXIT0;2024-08-11
CUST-3UHMVB2NNPUA;2022-01-27
CUST-RUTW9N6O6VVX;2023-04-06
CUST-6CSV93DB9HK3;2021-12-22
CUST-ZZ6ASS2HRJ5B;2024-08-14
CUST-FT3JHBCVO416;2022-08-26
CUST-36YNTZKYKFBT;2023-05-15
CUST-GA8IYF0SBU67;2022-06-19
CUST-2APVU230POLR;2021-03-01
CUST-XOHJG5K7BUCL;2021-08-29
CUST-SKADY3ZYVWY5;2020-04-09
CUST-PK7CVZOQZ85O;2023-02-22
CUST-J0OBG0771WI9;2022-12-18
CUST-ODMV1677IKTE;2023-09-11
CUST-QHM5B0NDVIW3;2021-04-22
CUST-50IJ2NWJ923B;2023-08-08
CUST-1GRGIRCXFF7G;2023-01-05
CUST-BWUBX776N57M;2021-10-14
CUST-A6P86L3GDOYQ;2023-04-07
CUST-29NWFGNAJLF5;2021-10-22
CUST-1KZMSJWJKO3C;2021-06-21
CUST-A706UMY402NP;2020-12-10
CUST-3ODAK5AUTW9U;2020-01-07
CUST-4R0SPKP67YAV;2024-03-07
CUST-DJYZOTX42PII;2021-05-12
CUST-WJZE9XAAW3AG;2023-04-02
CUST-QIAUZMPCU6L7;2022-01-05
CUST-UT0HOM7ZOMSW;2021-10-06
CUST-C79WZES7TBHQ;2021-11-27
CUST-F81F7EGCME7S;2021-10-20
CUST-EAHRYDNQBX21;2023-05-05
CUST-FZQI0YJQWAYU;2020-06-18
CUST-CATZGCKUIUZT;2021-10-22
CUST-24KSAQV5SS4S;2021-09-10
CUST-7MI9WGWEX8BH;2020-02-17
CUST-TQFAO0E0IDY4;2021-06-19
CUST-FLSRR0J8X43C;2022-10-11
CUST-9DWY03UPA2W0;2021-12-27
CUST-XKVEO4TD6DAA;2022-03-25
CUST-GO9KI3X957TO;2022-06-23
CUST-L50OS1CD5R3N;2021-02-22
CUST-2BN9N6K7M6PJ;2023-10-16
CUST-LMKI85DCTYSN;2020-06-27
CUST-DTYEW8WU8NHQ;2024-02-15
CUST-IJJCZAKLJXXT;2022-02-12
CUST-SCBB5LC59BZ9;2023-12-28
CUST-PG66AFLUQUT7;2023-07-05
CUST-J2L068OADU9H;2021-01-14
CUST-PJ3K9DHK64X9;2022-08-08
CUST-IVN9ZP43WYKM;2022-06-13
CUST-8AIA0ZRBE1JY;2021-03-11
CUST-PUZXZIHAYDP7;2021-12-24
CUST-2SU9MJAWWZQ6;2020-12-11
CUST-XQGK8ENU8AHZ;2022-01-02
CUST-YBSVUU443B43;2022-03-19
CUST-BP3IV7PFJLRK;2020-07-05
CUST-25SRNIXUPHO5;2022-08-27
CUST-IOWVKGIQGTU1;2023-11-16
CUST-NEQ631FFVOSW;2023-07-18
CUST-NMABOLCQP65B;2021-11-14
CUST-GERXE8AQILA6;2022-09-20
CUST-KDD4WJOHVDKV;2020-11-27
CUST-JGQAC17LJPTW;2021-09-07
CUST-V39GS74BBIMC;2020-04-13
CUST-PECAACC5F3JR;2021-11-20
CUST-6GCPL56GYVRN;2022-05-27
CUST-Q6HI0RBRVNYX;2024-05-25
CUST-HIIEQH0W1AN3;2022-02-03
CUST-UTA50LOIYTBV;2024-05-18
CUST-7EAGSHLKZRU7;2020-05-04
CUST-AEMORE7ACFWR;2022-06-16
CUST-5FYYHTJ9SSFP;2020-08-02
CUST-T83YXA68BFVY;2020-01-07
CUST-2OC8A27BI22I;2022-10-17
CUST-DN2BF0SSUBRG;2022-04-12
CUST-5N4GVWEZZ0EO;2023-11-09
CUST-HBSH74X453C2;2021-02-03
CUST-4DR3H44UQQ9Y;2023-10-06
CUST-7JE03VIP1GBD;2024-05-06
CUST-9W2RA6DMD9W8;2023-01-20
CUST-I31EWOHLULM5;2023-01-19
CUST-LJMGKVQ62JH2;2020-03-07
CUST-FL2SH6ASDQMQ;2023-04-13
CUST-S4S92IISEFQT;2022-09-12
CUST-24EGU4JSNV5M;2020-07-23
CUST-EYYPLC8PDAXB;2023-01-30
CUST-U3W1JZEE8SRO;2022-09-25
CUST-R07LIX7KAGZ4;2023-01-26
CUST-YZ8UF20OI3IR;2020-05-03
CUST-ZGJ1G4X5ISIK;2023-09-13
CUST-VMXYDCREZL8Z;2020-02-11
CUST-2L6SAPPZ6MLO;2021-05-25
CUST-JATXOQL0B9J3;2021-12-27
CUST-Q0QA367F7328;2020-12-26
CUST-Q8PD5ZABCJEZ;2020-06-09
CUST-7T9UCCDTYMFX;2022-12-13
CUST-GF7GOG4160YA;2020-10-20
CUST-ID795Z03FMGS;2024-05-26
CUST-T0HEK5JWA5KQ;2020-09-29
CUST-IR46S67ZFZPC;2021-03-20
CUST-WTNZFK9HS3N4;2021-06-23
CUST-X20YY9SWHUH2;2023-03-16
CUST-DTXECXQPKN3Y;2024-07-16
CUST-2GBDC303DEBV;2021-08-19
CUST-KG89W9I1ZEV4;2021-01-09
CUST-BHKRDBXMPH18;2023-02-27
CUST-FHQISTXKNRHL;2022-08-04
CUST-88UIQKMW68U8;2023-10-28
CUST-KB37L0HM87PZ;2022-12-18
CUST-EBVASYGHHIXJ;2021-10-14
CUST-X424M6KYDWD9;2020-07-15
CUST-QE2V857S0D84;2022-08-29
CUST-I61WWPOA5H34;2024-07-17
CUST-W7F6KAQ61S8M;2022-04-29
CUST-RMFSSYN10H50;2022-08-29
CUST-1NWC0C5Z59X1;2021-05-25
CUST-YU54MXUHK65Y;2023-03-23
CUST-34NUAEVKS3J4;2021-06-05
CUST-EXZZR3IHR279;2024-08-14
CUST-F3LG9PEVO0E9;2021-04-14
CUST-0E2YANKIH6IA;2023-02-22
CUST-KVXJWZMI1OLW;2023-08-26
CUST-R96I2AJLYQVO;2020-12-12
CUST-X4H17N8N620T;2021-05-31
CUST-NQ7BMFW3EVQ5;2024-01-27
CUST-QB1F3LKFVNQ9;2022-06-08
CUST-8VIGQ44GE62I;2022-03-26
CUST-AMOX42ZD0Q3U;2022-02-10
CUST-3VYO16MB0Q4N;2024-02-11
CUST-RLRFWB1766EM;2020-10-21
CUST-IX7VPNE744G8;2022-08-29
CUST-0DM0M6580EWW;2021-02-19
CUST-UUFOM903QXDZ;2021-03-19
CUST-IASP4NZT0530;2021-11-03
CUST-94WHND2L5USP;2020-05-05
CUST-NUTBTFJN3820;2020-09-02
CUST-WRMBAIHDO4OL;2024-08-03
CUST-R1BWQT7PW7MI;2023-06-17
CUST-TCMPFBCRM6E0;2022-07-06
CUST-0HLP1605ZDVJ;2023-07-13
CUST-YFHO3R4XPYQR;2024-01-19
CUST-VBPU0B0J7UFQ;2021-06-14
CUST-LRO22SZ70VXO;2022-12-21
CUST-QCXU1WU3CFSA;2022-03-18
CUST-VBOHADERCNQW;2021-11-23
CUST-DI22VSY2JNGZ;2022-01-16
CUST-XFMDXDOGHBTF;2020-08-08
CUST-CSU904HLW3Y0;2020-03-08
CUST-LOFIWS08F2EF;2023-10-02
CUST-HB91ODN934QI;2021-04-04
CUST-WSBGFB8R1REM;2024-08-01
CUST-2Y1OLX5OFFS3;2023-09-16
CUST-UNF75IVYPTGR;2023-12-29
CUST-KJBRIQ2BLOAQ;2021-12-03
CUST-JNSOZSFORR88;2022-06-19
CUST-D4GXK7V7M7OV;2020-04-24
CUST-5RUNT1CQTZI1;2021-08-24
CUST-MQNY7QQG0362;2024-03-11
CUST-81QFQS8YLX8H;2021-04-07
CUST-759L3U74BYGL;2020-08-15
CUST-D4CH3HIWDQD5;2020-10-06
CUST-C0FGGAW7CQ7H;2020-02-29
CUST-3LG889X8V0C6;2020-05-06
CUST-S7ZDYXCQXSBI;2023-07-14
CUST-RQDY2LH32P7T;2022-12-28
CUST-WJEFF9YPI9H9;2024-07-28
CUST-N8RX6MCYZ4PH;2023-09-04
CUST-19KJJR60F0NW;2024-03-07
CUST-5LQ6LPL9J7M0;2022-09-22
CUST-JQ2WFUCMMS5G;2023-03-01
CUST-K3514QDJDB8D;2020-07-20
CUST-U5CXAMRNZCQG;2023-01-29
CUST-7ICS470H6ZNW;2022-09-24
CUST-G0Z32C260ENX;2020-04-21
CUST-U1L3XK7NXMHF;2023-12-18
CUST-RJPR677ZWUQP;2024-05-10
CUST-2KZMLUHJIJZP;2020-05-09
CUST-WRBIND7QK36I;2024-02-29
CUST-HILBLBH0QVHF;2021-12-20
CUST-3CLNPIQO4PJ9;2023-02-01
CUST-F3G3I1IY1H17;2024-01-23
CUST-3QYMP8WZA866;2022-12-26
CUST-AF9HYIVP2UT7;2023-09-02
CUST-WK4PAX73KS7D;2021-06-02
CUST-VCB4G7EEZ04Z;2020-01-19
CUST-MNQ9AUFID9F5;2024-03-05
CUST-JKPMPNJFUL41;2024-03-31
CUST-K3P1F300FIMP;2021-03-31
CUST-9ISJFPDZBZM7;2023-03-26
CUST-D5IJS1X30F1O;2022-12-18
CUST-USUHNNVLGARM;2021-04-13
CUST-ZEX4NY1KEQ0Q;2020-02-17
CUST-81EG2IO8A6RU;2022-07-04
CUST-D84CQNRLB3F8;2023-04-13
CUST-NRZNM7XVTD4O;2020-06-24
CUST-WSF9SGYXT46U;2020-01-28
CUST-Y9D6HYIXBSAS;2020-01-30
CUST-Z7AXO4H0IDZ8;2023-11-03
CUST-U8WT4SKGEFM9;2020-05-30
CUST-70YK0M7A37AP;2020-12-15
CUST-VYZN7GF0UESK;2023-07-26
CUST-8E12JJ50S8FH;2020-04-25
CUST-A7H5W520PMSM;2021-01-26
CUST-UXNDU1TG3M7F;2022-01-22
CUST-UKC0P1119KXE;2024-06-27
CUST-8RD0F9DP1NTA;2022-03-14
CUST-7QEW0V53L3PX;2022-07-14
CUST-D8DOWKUUHMQF;2020-08-28
CUST-MTH0IN5EGDYN;2020-03-18
CUST-TUPHMO55O31G;2023-10-07
CUST-FYT5D0VKIGW7;2020-06-29
CUST-XVHOA0FU69RE;2021-06-24
CUST-DZ68R3SQ668Z;2020-05-18
CUST-SU349KE75E8P;2024-04-28
CUST-RVY38O53EDYJ;2020-03-31
CUST-BX523T53UG0O;2023-11-10
CUST-JNQL1PX87GAG;2023-10-17
CUST-RLV6773UC6U7;2021-10-29
CUST-SU0QNC80JSXV;2023-02-05
CUST-LPY1BP4MN36I;2021-07-28
CUST-3C19MUR9SCUX;2022-05-13
CUST-F55EKQOKLNQF;2022-08-22
CUST-PZYPSXTW7LXQ;2022-04-23
CUST-PMJF0BY9OWOM;2022-05-08
CUST-H78OJB3UYK6F;2022-06-06
CUST-TK86YZALWD7U;2022-10-04
CUST-AHFOO8TDJ885;2023-09-24
CUST-0IB6XAFP9DMA;2020-03-28
CUST-7LP7P0UDAGKW;2023-01-03
CUST-O1ONO9MDWOIM;2022-07-30
CUST-SL40MTRNL5R8;2024-05-05
CUST-OLCPPWQC9MXW;2023-09-22
CUST-SX94Q0ZUD0LT;2024-08-14
CUST-8XHKB0Q3RF2M;2021-07-30
CUST-IZHVYDU3HH3L;2023-10-16
CUST-W7YMT1V09SB1;2020-10-24
CUST-H5UBGVQ437XQ;2023-03-28
CUST-V6LOL8OQORMV;2021-12-17
CUST-F5UWBMRF8TI2;2022-07-29
CUST-1TZUW5SJCGVW;2020-07-21
CUST-QO5ABVPTNP39;2023-01-05
CUST-F27C9E52W12U;2023-12-26
CUST-IQJ9TEP1MS6K;2022-07-03
CUST-0PV7FF154SAE;2023-07-19
CUST-ZC8KOPP65254;2023-04-15
CUST-AY1US87IN95O;2022-02-02
CUST-K2SNQIUZIO03;2023-07-21
CUST-5IJF4430QLIJ;2023-10-04
CUST-D5833C1LS45E;2023-04-21
CUST-YF7PP830JCS9;2023-02-21
CUST-N7G0L0H4L3JW;2021-06-17
CUST-R4RUXCWFEWL3;2023-07-10
CUST-3GI2TQ4B2GQ8;2021-11-25
CUST-325JK6YGIU0V;2021-05-26
CUST-WTG5CL34VQJK;2020-01-03
CUST-R0R6IW57PNP1;2021-02-07
CUST-6N0RYZCBSN22;2024-02-16
CUST-X16S621PYMWZ;2021-04-16
CUST-SWV8ZHM8AH1D;2021-07-12
CUST-QSKP43E4O17F;2023-10-05
CUST-WDS46FZLK1LU;2021-05-04
CUST-FMZCW1SNRX2E;2023-11-22
CUST-BK6BAEOUJ9I7;2024-03-14
CUST-ZQ6SSD4T35DG;2023-05-22
CUST-V2H6Y1SGSIX6;2022-09-02
CUST-5ZF48EU4BUEQ;2023-03-12
CUST-B8W3YSU9HIUX;2020-08-11
CUST-37M6G3O0TK65;2023-02-14
CUST-L5MTNE8IZ31J;2022-05-13
CUST-43S418WQRL33;2020-11-29
CUST-8SOE5HY21GNT;2021-03-09
CUST-JIGMIZ3S7DTJ;2022-03-26
CUST-7C2RHC0BKWA3;2024-02-27
CUST-KEQ0GFQPTYPM;2023-10-09
CUST-7XVBH3SFA37R;2020-04-22
CUST-6GWACSL6V2N8;2022-10-24
CUST-CAAEXZP8C2P7;2022-07-23
CUST-UKVK68EA1FK1;2023-12-31
CUST-RLXX1TC7EHOL;2020-09-08
CUST-9IZQMXDOAQWP;2020-12-07
CUST-GL0B6O50LFVJ;2023-05-05
CUST-TPC6GUH881U3;2024-03-28
CUST-2T83SL1GAABX;2022-11-17
CUST-GRMIHW2ACD87;2020-05-16
CUST-HTU0RUTP9GVA;2024-01-04
CUST-COFX8WOR4IZU;2024-08-01
CUST-ICRH4OI55K68;2023-01-23
CUST-UU4UG1MPNSEG;2021-01-20
CUST-6SERHDRGV3DB;2020-08-23
CUST-OKZU1GTFPHKZ;2022-11-23
CUST-YYB0M8ET2VKQ;2021-04-17
CUST-L4QTSM1O1545;2021-02-12
CUST-QUV52L4KZK5J;2020-12-05
CUST-P9A0416UKC84;2022-10-02
CUST-JKXAT5XGK54F;2020-03-07
CUST-GQ3XVXPVE7FA;2024-03-29
CUST-J3E3T2CSV733;2024-03-25
CUST-DZ97NOD0Y2ZW;2021-11-02
CUST-2Z6GWT9RYO8K;2024-03-17
CUST-FGDHY6XRXIQL;2021-01-19
CUST-FB406EI9DXG1;2020-04-29
CUST-0ABYM7CWEGQ0;2022-06-03
CUST-K1QPKPMN0CYJ;2020-07-27
CUST-RP0C7HJ51E6Y;2024-02-21
CUST-75D6RISVYLY8;2023-05-01
CUST-1PLMHN3G8UOS;2020-08-18
CUST-JJFBS6BJ4EC9;2021-08-23
CUST-4W2BZS8DRM78;2022-07-30
CUST-9DZWDKRAUQLE;2021-10-13
CUST-UDNRB89BDWVY;2024-06-05
CUST-EI6GHFTX1URH;2024-08-07
CUST-RR2LL22G8HIO;2022-07-16
CUST-MM8LE24SQ05Z;2021-08-24
CUST-6WR8LQBIU4JO;2022-12-21
CUST-P366ACOF0TN0;2021-10-13
CUST-VQGM21ATPK1Y;2020-05-01
CUST-M06ES14G9SX4;2024-01-02
CUST-MOVJ2AQN1HZA;2020-11-08
CUST-SANJBE3NG183;2020-12-24
CUST-A8PANK3GAKKE;2021-10-04
CUST-BJE0PJD5YM50;2020-08-29
CUST-ECKAHHRPY4MO;2024-01-11
CUST-A9OIZK90P47X;2020-04-12
CUST-YRWW7W769S9X;2024-03-04
CUST-CY227M2QWP1U;2020-12-23
CUST-L7LW4ZRMM31G;2020-06-07
CUST-AUAY8WOIKZN7;2020-04-13
CUST-FA41SL9OL0ZV;2022-09-24
CUST-ZSA0GGEFSSLP;2021-10-20
CUST-ZEG6T5H9OOSO;2023-12-12
CUST-KYB2R7DATQX4;2022-02-20
CUST-BR2A5ZPSCUL2;2021-12-19
CUST-JPFAAMUK2WIA;2022-10-21
CUST-ZI05HF2HWGMK;2024-01-19
CUST-T6CF5DWNXN3B;2024-07-18
CUST-TTVQQ1XNW4JX;2023-08-29
CUST-FV84I7FRT20U;2024-05-21
CUST-VX1JCH0IKX1Q;2024-07-07
CUST-IGUWY4NHG5W1;2020-05-25
CUST-EIHCCW7BPLQS;2022-06-27
CUST-RLSUY002WGTC;2021-10-17
CUST-01K8YRIBSAZ9;2024-05-05
CUST-IU6FS550YLTE;2020-04-02
CUST-4BQPMJCQAK46;2021-08-15
CUST-USQN3RDMDM66;2020-05-12
CUST-QI4Z3I6ABBUA;2020-11-23
CUST-9BJVABA8K09C;2024-08-14
CUST-QFDEGXHF7HWW;2022-11-11
CUST-JIB0IC9J6NGW;2021-01-28
CUST-Y6RLOE40YPNR;2022-04-06
CUST-71PETU78MVXJ;2024-03-13
CUST-TQ00CA6EGUVK;2024-07-07
CUST-3Z0ZVY011ZMG;2024-04-07
CUST-67W5DERV1VRP;2020-09-10
CUST-W92QMNKO0FW7;2024-01-27
CUST-7L90L3CJJXWC;2023-02-18
CUST-08UA2GHZDOO1;2021-01-30
CUST-CILQ1JQTCJCI;2021-07-25
CUST-QX1B8IR5LZ6N;2022-05-24
CUST-EZG46Z0C3I79;2021-09-16
CUST-Z1786S9GJYJM;2020-04-02
CUST-665USFN0VXP5;2023-08-14
CUST-TRS0W1DEQOBY;2022-12-17
CUST-1I6N5E5060U9;2024-06-16
CUST-XIS0TTD3349U;2022-06-27
CUST-5I3R4M0T8GYK;2022-07-01
CUST-RSMDSVEIYOIA;2022-03-20
CUST-E5KYDYWOO5VZ;2023-10-12
CUST-7825Z6RWGOPQ;2022-04-15
CUST-HT7TWDG4MB9K;2023-02-28
CUST-NSOMMKJV12HM;2020-01-11
CUST-X9WKIRZHGQDA;2022-09-17
CUST-UWJGYG5JMWZK;2021-03-04
CUST-MIWIQEZZXPAP;2022-12-16
CUST-RHR663OP6EYV;2022-07-24
CUST-0LLUXBN347CL;2021-07-24
CUST-E5IQSHH1TVDP;2024-06-26
CUST-YSK9EULMK36R;2024-06-09
CUST-2470AANFNOFU;2024-01-19
CUST-YH3QNKUX4G9P;2022-06-09
CUST-8TB9QXIEXGLF;2022-07-11
CUST-F8ES9J9K5VZ2;2020-06-02
CUST-GCFN3AF8PJG4;2020-11-30
CUST-EDT4BBWEF4NH;2020-10-24
CUST-3NVFLFY35TTS;2020-06-28
CUST-5VFQN24KKK3X;2021-03-15
CUST-WLORF6U0M2HO;2020-05-06
CUST-RZFAI444PQ0Y;2022-11-12
CUST-0GF4I62X1T96;2023-10-05
CUST-LX45XN1R3Y9I;2022-12-19
CUST-30D2NBZYX6WX;2021-05-18
CUST-BWWEWYWC8E0E;2024-06-27
CUST-CLXK3NZTFTXH;2022-01-30
CUST-9K4VT24O0BY9;2020-03-17
CUST-6G55SEAIHUU8;2024-04-07
CUST-Z3RRC90IPJOR;2021-11-15
CUST-70ZN7HMYRCGZ;2020-06-16
CUST-UHIGUXWP95I5;2020-07-30
CUST-EJLHOLD1KXK3;2022-07-23
CUST-OPZGJCIMG5KP;2021-05-15
CUST-BIIFUQ4XZX8F;2020-08-01
CUST-68UXTFX2C2N8;2021-07-14
CUST-2H6A2U3L85A1;2023-08-05
CUST-N7XMLXOWA94Y;2024-08-14
CUST-D2F8Q6R5J2SR;2022-12-31
CUST-JWSP9BT8SX79;2023-12-23
CUST-AI97LT04MYKZ;2020-12-08
CUST-WLECO64G6AL8;2020-05-05
CUST-HA7DTSN4Y4N6;2022-07-29
CUST-S7NITNDCPLFD;2020-10-13
CUST-LX3XNOXHRFJD;2020-11-30
CUST-POM7MFMY9RVN;2020-05-03
CUST-127RYB69Y9MO;2022-07-24
CUST-41SRL2HL3XXO;2023-02-16
CUST-D26LKBHLCMD3;2023-04-03
CUST-4TO481S65FXT;2020-08-19
CUST-HGHKDSHJ0DK7;2020-04-26
CUST-6F6D3X1N45BC;2023-12-02
CUST-YINGVNLPIM70;2021-07-13
CUST-HVDF1ISBVZ9J;2023-08-24
CUST-HB45TTGAP3LN;2023-05-02
CUST-YR7P6S1PN3S5;2022-07-28
CUST-ZDTT9WWUT2JW;2020-12-09
CUST-M21788AHOGLK;2024-07-28
CUST-FIMHH9LTACAC;2023-12-10
CUST-OVF4YSAMM5JQ;2024-01-29
CUST-B19X8BRJUJ4J;2022-07-22
CUST-PHPUVX4R98AY;2021-07-04
CUST-PUBQ5UJLKP5T;2022-03-28
CUST-4X4FC29PQ35K;2023-06-05
CUST-1GY1KJXD1INQ;2021-03-27
CUST-H25BHTUFMG34;2022-10-20
CUST-KF7EC1DVTDZM;2020-09-01
CUST-67MVGBGC1LYC;2023-08-24
CUST-65TWE98M32P9;2024-04-06
CUST-NAFJGHQP9IJ4;2024-03-15
CUST-FAYV3DXW088X;2022-09-02
CUST-6SWYKHMZS9CD;2023-06-29
CUST-J0Y4ZUZ86NCT;2022-08-27
CUST-QF7NXUHZAE9M;2020-03-18
CUST-7QX4WT90JFXI;2020-12-07
CUST-2ZLJR83DL656;2023-04-03
CUST-4BK6S1A7GCLN;2020-04-05
CUST-IO0AW2NQZ78U;2020-03-26
CUST-RRTKM7KAJIM8;2022-04-20
CUST-2BS69R4PBKPY;2023-05-18
CUST-HJATAF3ATM6R;2022-12-11
CUST-P8XJEOWST4M9;2021-07-10
CUST-JE7E8SIBHH1B;2021-03-18
CUST-FZYDRWIX7PDB;2022-09-09
CUST-2VC09HFTKS5R;2020-03-18
CUST-N8M8UOYAVSTS;2020-12-12
CUST-U3NDEWIQ22RE;2024-04-14
CUST-7BR1CGWJ5QR1;2023-06-19
CUST-NFWDCD6AAXA1;2022-04-05
CUST-UQ5U12K9RCMS;2022-08-06
CUST-2X9C44MAYD8E;2023-05-10
CUST-AT3OJZV0BYAR;2021-05-09
CUST-UXZ12M3U4P9I;2020-12-08
CUST-PYPUSYELZW4J;2023-05-28
CUST-WGFE8J11VQFE;2024-08-14
CUST-SFVW3SHSTS8K;2022-01-02
CUST-9TOQUH2QOY3O;2024-04-16
CUST-QJ23QL39GIOG;2020-05-31
CUST-VJP3FPY6YK3A;2021-03-13
CUST-WUPE298NFFTA;2023-04-13
CUST-3S925N4SP6YC;2023-02-20
CUST-LXCVJSN9XECO;2022-11-19
CUST-2T042BZ2ECDQ;2020-03-02
CUST-CE0LSKVLFDG1;2024-07-24
CUST-VQWP7XWLEGC5;2024-06-23
CUST-XSU0TP646HCA;2022-04-30
CUST-JSIN9C3HJ55S;2024-02-09
CUST-AWC3GQIFU7FA;2024-07-24
CUST-HSCU8BRU9RKD;2020-08-02
CUST-RMLLNVCBQXDE;2020-06-21
CUST-OZWJAII2W6B2;2021-12-02
CUST-07GXQW1A5ATU;2021-11-05
CUST-O8O1FUV04H5O;2022-03-02
CUST-4JGERUI4ADKF;2023-08-22
CUST-M24QGLSE0RV0;2020-01-17
CUST-XLKV20D1XSV7;2022-03-15
CUST-393B7PORVQWO;2022-11-14
CUST-LIO29I1ZUWPE;2024-01-07
CUST-5NGGQXK3ZOWI;2023-02-15
CUST-LIKKAJ6A5EE8;2020-11-19
CUST-PZMCINC0QCPR;2024-06-05
CUST-T6NGAGS6GZRI;2021-05-09
CUST-YA2O3AI6L34X;2020-06-15
CUST-UPATXJDLSZAG;2022-04-22
CUST-BI9FORZJW7LL;2021-01-22
CUST-E3YMGT2SLXXU;2022-05-22
CUST-JNP16SGQFJX4;2022-03-26
CUST-YORNHX94JIXT;2023-11-14
CUST-5TW55IE88SOU;2023-03-24
CUST-V1P841I6XRAW;2020-03-29
CUST-SHIW1AGLZAVT;2023-03-01
CUST-S5U10YPGRSB3;2021-01-08
CUST-6Q45DG5G55YB;2022-07-26
CUST-JUPYXGY2QCGV;2022-08-01
CUST-974XNONHT381;2024-01-19
CUST-VE9WUWJYRFN6;2024-01-29
CUST-6V98QA8SY7KU;2024-05-03
CUST-IRZ76812ZFBW;2023-01-02
CUST-BRZ1H1RMPWLP;2021-01-08
CUST-EOCY7X4P8FX0;2021-06-23
CUST-SJD3ZD66XE5W;2020-07-31
CUST-SHJ1ZLY0OA76;2022-10-13
CUST-SYMKNK4EMNZ7;2021-02-12
CUST-62T1ZR2BSAFN;2023-07-12
CUST-6DSFP5B4R0QT;2020-01-23
CUST-R9419V5IAX9O;2022-03-22
CUST-RT8LHFRG9EQP;2020-09-30
CUST-MOZVV06NL2MC;2022-09-10
CUST-9ZH8T0N1X567;2021-06-14
CUST-6L7YA4HNIOZT;2024-08-01
CUST-GHD9CK7ZBDRS;2023-09-13
CUST-5OWCBZ80G07W;2024-07-28
CUST-CZLFU2NV2HIZ;2021-10-10
CUST-70GBMUBOCXOH;2024-03-05
CUST-VJ933CBD8SWD;2024-08-06
CUST-Z4MUF6PNX2J1;2020-02-28
CUST-2RJRFTXCAEDB;2021-09-28
CUST-EQD3GTFWTO75;2021-06-30
CUST-4H4KTPG29SRL;2021-09-15
CUST-E2N3C29WYF31;2021-03-13
CUST-PJ1R0QSS5KC0;2020-11-02
CUST-AV86PDGNBGFC;2024-06-10
CUST-MNX9RFYJUKOD;2022-08-09
CUST-AN2K3QA67NXX;2022-03-16
CUST-GRG5YQ1YH5GH;2023-10-23
CUST-RSIUJEED2AXI;2023-03-23
CUST-BUG2OCF99IAP;2020-02-11
CUST-8UFWPFV8WO9L;2023-11-28
CUST-9DQQ2CUFTU8Z;2021-12-16
CUST-9DWUHFKQBS1I;2020-10-10
CUST-FYSDKMUYKI2N;2020-05-09
CUST-OMII1FLK2QVL;2021-05-23
CUST-FT8HF8Q9H5L3;2023-09-05
CUST-KSN8Y9ISSSPJ;2020-09-25
CUST-M010CX4XN9Z3;2023-02-05
CUST-50T915RN81RS;2021-01-09
CUST-FVQHE9KGSAI5;2023-12-05
CUST-X3QXBGQOZM5J;2020-03-14
CUST-DR93FZWO63GT;2021-06-20
CUST-469OJOKUSOFG;2024-07-14
CUST-QIF7RDR4QL43;2024-02-19
CUST-FR320HQQLYOK;2021-07-11
CUST-84BUWCZVQXWL;2020-07-07
CUST-EN9YVBHZ5J06;2022-07-20
CUST-QVSTOI7DC7TG;2021-06-24
CUST-GH9IN59NE51P;2022-11-07
CUST-8EGET4KUNEPV;2023-02-08
CUST-DQGKCXZD09N5;2023-08-05
CUST-RA174UEISQEJ;2024-01-21
CUST-VXNW8WA6TGO8;2021-11-20
CUST-DQUA2BUVCXUD;2023-06-28
CUST-4AG0Q6OLZ06H;2023-11-16
CUST-E7V2GNXX5LMK;2020-05-14
CUST-7VJ66RXT8936;2023-11-03
CUST-S5O3GTFAT8UL;2023-01-26
CUST-ZCHZKZPNL2GD;2021-05-28
CUST-YVDLQ06O13J1;2022-03-17
CUST-7OLAB75JEHAH;2023-12-01
CUST-VNQ6BRRHOR5D;2021-09-25
CUST-XBBSY2G58UAP;2021-02-18
CUST-I91P7TURJYH5;2022-11-21
CUST-BIVVP3DIQ5LQ;2023-01-24
CUST-3FU77BQNGJGZ;2022-10-01
CUST-41KBUPLSSLUH;2020-01-15
CUST-QC716P4MHF62;2023-02-12
CUST-W5DXI8FQTZGH;2022-12-10
CUST-PXWTM6AASM34;2021-10-19
CUST-ETZEMUI57XRO;2020-10-28
CUST-LNTO896ADS5U;2022-03-03
CUST-ZZGXQ2ATTLTY;2020-06-22
CUST-JXSA5GGTISV2;2023-07-01
CUST-GGV8UP2RMKGY;2022-09-22
CUST-5YKH8MVUP3G9;2023-05-18
CUST-VA82Z5574P51;2022-02-18
CUST-PCOVJ7F345C7;2023-03-15
CUST-RWF7PC0QQ4U6;2020-02-25
CUST-WMVH06JHL1KW;2020-12-22
CUST-18BVR6X2SPFU;2021-05-23
CUST-0NKM1APIWOJ4;2024-05-17
CUST-7QK9Z2HAPLFJ;2022-11-01
CUST-BELINI0CDKYH;2024-05-07
CUST-R562DO69W8IA;2022-07-27
CUST-02ZNX84YQ324;2024-04-06
CUST-TRT5QNCUW04Z;2021-04-28
CUST-BKQNNITS8ENO;2020-07-17
CUST-Y1HB75L5YSG1;2024-05-22
CUST-R4KBMMSIPFNX;2023-05-20
CUST-10567VHR46D0;2020-09-25
CUST-9V1KGZ96Z2P0;2023-12-26
CUST-I08EJQXANR3Q;2020-07-07
CUST-I6G1ZRUZHY9G;2020-05-01
CUST-S4IWXJP4BYXH;2023-02-20
CUST-R5ZECUQVV6IH;2021-09-21
CUST-KINJPHONA5N9;2022-08-01
CUST-UB9065RIZ7L2;2021-02-26
CUST-S9ZQHGLF8WLY;2024-05-22
CUST-YOGDEY06WCPS;2023-07-23
CUST-Z39E25S7PA10;2020-12-04
CUST-GIRYZXM8N95Z;2020-06-13
CUST-30B5B8UCLU8W;2022-12-15
CUST-VA52MUUBHYAO;2023-05-14
CUST-EUMWHWWZAGQW;2024-01-04
CUST-ZYG2IAXKKVIN;2024-02-28
CUST-MU649W8IFUBX;2021-11-15
CUST-NXFYCND6FKEK;2022-03-16
CUST-1WCDCGHR2V51;2024-06-10
CUST-H7W2X6YYP2K5;2024-01-16
CUST-OKR9KOVZVGZ0;2020-07-17
CUST-65UCT9L6C5UW;2023-03-14
CUST-VPMJMCMV2PPB;2020-11-23
CUST-MMHMVQ9IMPS1;2020-08-24
CUST-66JKCDMIQEVW;2024-01-30
CUST-JVUXXWIHOG7I;2023-05-07
CUST-3I27X2NEU2KF;2023-02-16
CUST-OR8D8W3CN1Z5;2024-06-06
CUST-YYH31OB3ZFR9;2021-01-10
CUST-ZWF1SESWWR1H;2022-01-17
CUST-4R0X5VWVS56H;2020-05-05
CUST-HEBUXYQSFU66;2020-06-26
CUST-7FP9XUCYC16Z;2021-10-05
CUST-DSXXRFM0ZHWR;2021-05-28
CUST-G5GQKK56389W;2023-02-22
CUST-M7VE5U6JYI84;2022-10-31
CUST-ICN2RDLHH416;2021-07-04
CUST-LXSKFJRYUO1E;2022-04-23
CUST-6CEJYDEA2R2D;2024-08-14
CUST-W38NUYN1CRIX;2022-09-27
CUST-OL8XKVXZ9HK6;2021-11-01
CUST-OMQ2VF5XAZ3C;2024-06-22
CUST-9CBO0S1R1FAA;2021-10-27
CUST-OSZ2RT12S4AL;2021-05-20
CUST-2J4XVG4BOLRE;2022-12-20
CUST-JSS8FRVY8E0V;2021-03-17
CUST-BL8BH61EOZPB;2022-01-01
CUST-GATSZT1XIE8Z;2024-01-21
CUST-XO4FRHD6Z5RN;2024-03-08
CUST-RKA428XDYMMY;2023-10-08
CUST-HTD8DY0GUN02;2020-11-08
CUST-536Z147QA74U;2020-04-30
CUST-3NVGW07V4LPI;2021-09-05
CUST-844EN10QV3JA;2020-03-14
CUST-O4I6VQBTVQDY;2024-07-14
CUST-L3F3P0D4X4IG;2020-09-02
CUST-OPJHO45OROPD;2020-08-29
CUST-DFLLJJYIXDAD;2024-08-01
CUST-ROKY1GY8LMWA;2023-07-21
CUST-3SO3UHUN1GDS;2020-08-02
CUST-EO3442JUPZJ6;2022-09-10
CUST-S67G92UN2IT2;2020-07-22
CUST-9DQ504BBUTYA;2023-03-07
CUST-PA67EIKXR9KE;2022-07-12
CUST-TP8Q71Y8RHC7;2020-09-11
CUST-ZUIG5V2MIB1Q;2022-08-19
CUST-FYOW6A6EM902;2023-07-27
CUST-2KRLI44GFAZ1;2022-08-04
CUST-GBGCKFAKP6K9;2021-09-26
CUST-QV718IC5V26H;2021-08-06
CUST-0WEF507VPJHK;2020-02-25
CUST-BH5W7T8BLYFP;2022-10-11
CUST-K64S7IRYDFYR;2022-09-03
CUST-V6YMDXRN6Y76;2021-09-02
CUST-1YH7SM1RECLV;2020-03-19
CUST-XLJXYWBN1CCG;2020-11-13
CUST-H9KPRWV2W93K;2023-02-06
CUST-74R1RLDJ6OG1;2020-11-29
CUST-BEWM7KXGQDBT;2024-02-04
CUST-MYHTI8PE3FRR;2024-06-14
CUST-GKUXWDM9VMKT;2022-05-15
CUST-9GJLCVRE5YN4;2024-08-04
CUST-K2AG94T55GHS;2021-02-02
CUST-7482KMR4BLKF;2021-02-01
CUST-4O8RE2FJNFB1;2022-05-03
CUST-O3JLCM5WI49U;2022-06-05
CUST-3SQIQ379DSE3;2020-06-28
CUST-KWEGX6A31JRP;2020-07-13
CUST-UO7FQQHXHKWB;2023-08-22
CUST-FW5BZF7I06NA;2023-10-19
CUST-SSKXLAL2R94V;2020-07-23
CUST-1CUSV2AGR8NZ;2022-04-30
CUST-Q16N4NDL3DDL;2020-07-23
CUST-MICQVK8E1VX9;2023-02-02
CUST-Z1ZNYDOJ6OKZ;2022-10-04
CUST-KRNRIJCVQF3E;2024-06-27
CUST-7HLSF7YBZBQV;2023-09-12
CUST-5FN1NMHWJSJH;2023-08-05
CUST-885DPO54IGCD;2020-09-27
CUST-RYA17C97NCD6;2020-03-20
CUST-E8P28N9IL7QF;2022-01-28
CUST-VN6LZF6KH5K1;2024-04-10
CUST-0FPP1I686UPV;2024-05-12
CUST-9IXJP7YRITWD;2024-06-15
CUST-H915YW2Q24N5;2023-06-21
CUST-CI7BHDO0NTQQ;2020-07-21
CUST-8IMGC5DBG2IF;2021-01-10
CUST-JGSFEDWU4B8G;2023-10-27
CUST-ZZFE8KS5ST6D;2023-04-09
CUST-LN4GA0PN28JB;2020-05-19
CUST-60ZZDO25M4RT;2023-12-08
CUST-ZIB38IIMA4OW;2021-09-04
CUST-HMX9VG6WRHIV;2021-12-23
CUST-OZ9LJ04OW0ON;2023-09-22
CUST-MG0N90Q35KGB;2022-02-04
CUST-5WSZJEE23AK7;2020-08-07
CUST-LGJRVOX8CGHQ;2024-01-25
CUST-HOMCPQNJBLKX;2023-02-12
CUST-ECRGR2TMXYV5;2022-06-03
CUST-X471Y9FW8XO3;2020-01-12
CUST-D8MDPA1BBAGM;2023-01-16
CUST-FC7D0O63XC8I;2022-11-04
CUST-9LDCWN4JUD13;2020-05-17
CUST-36SEEJQHVSYO;2023-03-18
CUST-1EZ95BGXTAO2;2024-05-10
CUST-JVYY8X387IQC;2021-12-08
CUST-Z1UKPEQ0YNTZ;2021-10-10
CUST-WX5K09PS7IPH;2022-04-16
CUST-B275JB8LIXH0;2023-06-01
CUST-5RKPUMY769ZU;2023-02-13
CUST-1623QM5SK9W4;2022-07-28
CUST-PU0DR09274HV;2022-06-02
CUST-XIX2JWTJBNR1;2020-01-22
CUST-JJI59LI8TMS9;2023-03-22
CUST-O1I6QNAHHQ23;2024-05-01
CUST-5J801BPTBH8J;2024-07-02
CUST-QAEC5HFM5AM3;2023-07-11
CUST-ZF64B5V8PDZJ;2022-11-17
CUST-X0N26NQIXL7N;2023-05-25
CUST-KXR5H7GZK74T;2024-04-23
CUST-ABFXIQHYHJO8;2023-02-25
CUST-36ZHJN41RZC3;2020-07-01
CUST-VP4GMR4OO0NI;2020-01-17
CUST-Y1TX2C6PIAFG;2020-12-14
CUST-NQ57NJB9BID0;2023-10-29
CUST-XDZHLXX0YZ14;2020-06-03
CUST-O4KNZWZSHMJI;2023-11-05
CUST-XSSXLHUOG1R2;2024-02-21
CUST-928JK0WRBOWC;2022-01-13
CUST-BEOUB6Y7X218;2023-11-24
CUST-CEXZ2ESTQHGT;2020-07-21
CUST-9W90JNND0JX2;2023-07-17
CUST-KIIX12RDBTAG;2021-12-01
CUST-KGH4RUNI2A5Y;2023-10-07
CUST-K4KBZJPW6CB8;2020-08-06
CUST-O6YQ0N63DITK;2023-12-17
CUST-DJZJZ3KQG8MM;2022-09-11
CUST-L9WJ5CGH9H5I;2020-07-16
CUST-J47RPTN0J8HG;2022-11-30
CUST-PDM6R07UOX0X;2020-08-29
CUST-K1LVL76UJXXU;2023-04-01
CUST-8D8R9GXAGZU3;2020-04-15
CUST-3F9PSZEH2QER;2022-05-30
CUST-TZU60YGM3YZN;2023-03-20
CUST-UNVA062LBHJZ;2021-07-11
CUST-U0D4QBD6F6O6;2023-09-11
CUST-AL55MG1XA1GQ;2023-05-24
CUST-O97XBI8TFJGP;2023-07-05
CUST-5TZ4HZRQIHIH;2021-06-30
CUST-DB332LMHP7TW;2020-06-26
CUST-SE6FEHT7LFEL;2023-02-18
CUST-EFXFU11EBNIM;2021-04-28
CUST-T9VEJPG9E345;2023-02-17
CUST-PST656WXS8EA;2024-05-23
CUST-FK9LOMI0JMYS;2021-08-13
CUST-O4OVN2B0WEAV;2022-03-31
CUST-K3SI21QQSOCF;2021-08-08
CUST-K6JTIYNZGZ7J;2022-01-06
CUST-YMOPEGHQAXBO;2023-06-05
CUST-T99Y6CTW58DV;2021-04-20
CUST-4053RHKTV456;2020-03-31
CUST-DY645ES8AESE;2023-08-29
CUST-V0XCFPRYMUXP;2021-11-24
CUST-PSX7PAY45NXY;2020-09-16
CUST-P5OYK4JYJF4R;2024-03-28
CUST-4PN4J4ZXO4BL;2020-12-16
CUST-FHUHNXQVP4WH;2022-05-31
CUST-WF1QXN2T7C0R;2022-06-17
CUST-UNMD6VAWRCHX;2020-09-20
CUST-WMPIAP388HEA;2020-07-05
CUST-4IZIXDNWQRMG;2021-05-31
CUST-X33DAUQWP6TK;2023-08-24
CUST-B5I38KXH9V39;2023-11-21
CUST-K6R0JAPP85CM;2022-02-19
CUST-3TKO7GTMLPN8;2024-06-25
CUST-JXYR3S1H7FOH;2023-01-19
CUST-46IJDL3WFIH7;2020-12-21
CUST-A9AN6ORON7AQ;2021-03-02
CUST-0ZSRYUNNM9FI;2022-02-21
CUST-0PZHL1VRGWJB;2021-12-28
CUST-ATIQ9T3IV5ZH;2022-04-21
CUST-153ZID4DH9GC;2022-11-01
CUST-G66RH31ANMNE;2024-02-20
CUST-NFPP95T7MVR5;2021-01-07
CUST-J211SPM2YV1G;2022-10-20
CUST-KEESFY6GBT2S;2021-07-15
CUST-5MARTQUCLNWJ;2024-02-19
CUST-P1TMR07NW9FQ;2023-11-15
CUST-QIHRCSUGLOKO;2023-07-02
CUST-ED1KQUW44BQX;2024-08-14
CUST-FFSV9LRN6OTB;2024-04-01
CUST-6QONJ2YPP4GA;2021-12-28
CUST-WE87YL9K1AZO;2022-11-22
CUST-TZ16XIDYFUKX;2021-02-17
CUST-4163BOHQQW38;2022-04-20
CUST-OZA9EJYFNRM9;2020-07-16
CUST-M32ZUCPOUFQL;2020-04-22
CUST-P9DWNQ4FS3ON;2020-04-16
CUST-4KUFZ0T18YAJ;2020-07-07
CUST-276K49BKUTS0;2024-07-17
CUST-DU2L70OFT3AF;2020-10-14
CUST-7Q7JVYYH94JH;2020-03-29
CUST-8KMWTB2DSDXT;2023-03-27
CUST-VJ6FCQXK9CW2;2023-06-08
CUST-IKJ4UIIFGVCU;2020-01-07
CUST-R73BGR7BTP8E;2021-11-27
CUST-WSG7V25IC0S8;2020-06-03
CUST-3RSP29HOIA35;2021-10-24
CUST-NYLYCELMP6FI;2023-02-22
CUST-PO4AT7RK9YCI;2020-06-18
CUST-5BXB81FBWYIQ;2022-07-09
CUST-VZJAGHT2A6Y3;2022-10-17
CUST-GSW6EWCEVP5X;2023-04-27
CUST-7VTKUCOL6YI4;2024-01-04
CUST-ADITFGOYYSPL;2020-11-29
CUST-NXZ9K8W18FGH;2022-01-15
CUST-C7JH0D0Q1XKH;2023-08-29
CUST-07TYWJZY6ONN;2022-12-05
CUST-0VIBX33ZAAD9;2023-08-07
CUST-PJ2QXGZWMBJP;2023-09-27
CUST-TUD0B68G5FWF;2024-07-16
CUST-KB8PN19VR601;2021-11-05
CUST-FU5LG70DQX4T;2022-07-23
CUST-6PHAZO91QO9S;2020-05-02
CUST-IDYKERKBEHAY;2022-06-07
CUST-LAUV6ESQ7ZCI;2023-04-07
CUST-8MS3K6CG5W1E;2023-11-23
CUST-VOZKBNSYNQGS;2024-07-03
CUST-GFI5N9DTJ2JU;2023-05-10
CUST-3IRLGKE1JDTY;2024-08-03
CUST-6I94SKJYAO2G;2024-06-24
CUST-5IJJWH64R0OK;2022-09-21
CUST-A3VE7O7VYYBK;2020-06-03
CUST-29WJ4YGLK86L;2021-07-20
CUST-80IL6CAWYBFG;2020-08-28
CUST-9F2UJFH7J26N;2022-08-06
CUST-MCT9WM2QHMYH;2023-08-13
CUST-XBNNR28504BY;2023-05-17
CUST-RAS3WC7CE119;2024-03-18
CUST-6ELU2LORSINF;2022-09-06
CUST-YBLUL55XKR7B;2024-05-17
CUST-LRPI8AE0AT47;2022-06-09
CUST-XPXSFRUPX51A;2023-04-03
CUST-9WM83101QDTI;2021-11-27
CUST-3YU49JQ312SV;2023-11-26
CUST-F3G6UJYC783Z;2023-10-27
CUST-5F6H6I00DBES;2023-08-30
CUST-PS2R0R3NYYHP;2024-04-18
CUST-T3JKCPCOYODG;2021-06-09
CUST-LST2J0NG2R5A;2021-01-08
CUST-V0Q7K58D2RRP;2023-04-03
CUST-1ML831QZUVI4;2023-02-28
CUST-W1MHD3DOOG6P;2023-11-23
CUST-85LCV6G09EBS;2020-11-04
CUST-W3664I8ZSDTX;2022-06-26
CUST-BK9MFQS0MNOK;2023-11-26
CUST-UUES3EVMXZ6T;2021-05-15
CUST-8XL096OHEO3G;2024-06-02
CUST-2NQR4XJXFKX4;2024-05-22
CUST-8SAIK5Z3D6D9;2024-04-14
CUST-S8SO6QBZVNJ9;2024-02-09
CUST-1L614W9205NO;2021-01-01
CUST-HJAT843X3ER0;2022-01-19
CUST-9BP7NF56VEIT;2022-10-25
CUST-WI9WKS8OTSKC;2021-07-07
CUST-V2WMFLHAW9DW;2021-09-18
CUST-ZHMUN0RKWWSZ;2024-03-11
CUST-OUGQ0XTMS5T8;2022-08-27
CUST-QKWVZCKVOJT2;2020-09-28
CUST-UDIQFXHXPSDB;2024-06-22
CUST-T53J1ZO83IQO;2022-04-26
CUST-HV7YQQGG8TK3;2020-06-25
CUST-PYR37JN7XLHY;2023-04-16
CUST-1VUJ1RGLS0MX;2023-01-21
CUST-HBIFK65DBK19;2022-05-26
CUST-GJ3KMYIPMQGH;2023-05-19
CUST-4K5IKB43APYP;2022-09-02
CUST-7ZLVGAOHQFX4;2021-09-26
CUST-ZAT8FU1RHVIS;2024-04-19
CUST-V27A1LAPQT74;2024-06-07
CUST-9UO97XU73MQV;2024-08-12
CUST-C7UCYBO28BLF;2023-08-15
CUST-1EF3KKZIWNXF;2024-03-29
CUST-1V61RDBQPJ2Y;2021-04-19
CUST-EOOSH48416MN;2022-08-26
CUST-UP441X1S26T5;2023-01-29
CUST-AJYRJ4P4QNPE;2020-10-08
CUST-1FWF3KG5GTUO;2024-06-25
CUST-9ZUE1F4SMC8X;2023-10-04
CUST-QBACW9YNWP81;2023-06-30
CUST-06H2XFYJTAGG;2023-03-29
CUST-B3IJ1F1YHIK3;2020-05-28
CUST-DLJ6CW3QNDN9;2022-12-23
CUST-KC079E7XEL1R;2023-02-13
CUST-2BD80AH5J2R2;2023-04-20
CUST-177YX9HVYKKM;2024-04-15
CUST-S41ZJZAN9S4D;2021-09-09
CUST-IRCOBDM2SMDA;2023-10-23
CUST-GY28BQ91XW0Y;2021-12-08
CUST-OUP79OA1RCOS;2022-09-09
CUST-PET6GNCZTWX6;2021-05-07
CUST-ZF3VXD6SR2NV;2023-03-27
CUST-9MR8NY3YGV25;2023-12-12
CUST-1643LVF1SLZM;2022-11-30
CUST-3R247QCO4ZHB;2020-10-23
CUST-GFGVLI6I8XXQ;2023-08-22
CUST-TUA05XXEOY09;2020-07-25
CUST-6150X8XKC2Z4;2021-10-08
CUST-TELCAOFC3TA5;2022-12-08
CUST-ORZBLF2LBYSA;2023-10-02
CUST-WBKXOIIX59SA;2022-10-26
CUST-BJD282ENDEQJ;2020-02-28
CUST-HWW5HB752NWD;2023-12-10
CUST-8K0P4TATG0KI;2024-04-21
CUST-I15MNIA9JN57;2022-05-31
CUST-COMKCI0Z3LKS;2020-06-27
CUST-0UNJE5EOSXVP;2022-01-12
CUST-GAFBU3ZV4WEU;2021-10-24
CUST-QWVZ7N6NRHXZ;2023-05-23
CUST-CNTA50IM2K0Y;2021-08-02
CUST-0HZ4MYGE1TRC;2023-08-01
CUST-6T3JRG25XU18;2024-02-06
CUST-H47C8RX72H7P;2022-10-26
CUST-GW6Y6Q3WU2N4;2022-09-23
CUST-YR26FGDT7OQL;2022-05-17
CUST-IR01DMYY8BL3;2022-04-18
CUST-JCH44JT1W8A1;2022-07-14
CUST-L1Q4VSVUPCUX;2022-11-02
CUST-NHWI0DGNESYI;2023-08-02
CUST-2OZ6JVQYYNL1;2021-01-16
CUST-0EKJ7KWRDC6O;2021-04-26
CUST-PMRPZWJDXRZ2;2020-08-20
CUST-FD76UDCVC1UO;2023-09-03
CUST-O0ZLBRHLY55F;2022-07-16
CUST-QOOTFYHVVU4D;2023-08-13
CUST-XBXWDPTJO6H6;2022-03-30
CUST-09PH1D3UNXXB;2024-06-03
CUST-X1LEF4AWNIWR;2020-04-19
CUST-NM03S3T6T0KX;2022-01-03
CUST-SQNO3YAEZQY8;2021-08-02
CUST-9Z654GD3QN2U;2021-06-23
CUST-0T9PMU5Y4CEG;2021-03-21
CUST-QCL542EZ3OJ9;2021-07-21
CUST-UK04QPB4U85C;2022-06-23
CUST-6Z3EA9O98Q07;2024-05-08
CUST-G58MGLX2VOHD;2023-04-30
CUST-XYIOKWO9TX5F;2022-10-19
CUST-5MP10JSTSIHL;2020-06-25
CUST-XCV222JOPY6X;2020-08-11
CUST-FYJ6T4QEJOF1;2021-03-27
CUST-HT1D1QP43XMY;2024-05-02
CUST-1LPHY8FIJOT2;2024-04-26
CUST-1YZMBBFKV403;2022-11-09
CUST-A94GUXPBBNQF;2024-04-22
CUST-IWBZFZAEKLG4;2020-03-28
CUST-2C2BF4V9FUTI;2024-05-09
CUST-CCLSB6YT40JW;2023-10-18
CUST-YMG565YVL3N1;2024-06-08
CUST-EX22O3AO0GMI;2023-08-01
CUST-3Q42QVBOJMSB;2021-08-13
CUST-XZJXD89JTQIU;2021-12-22
CUST-O6GYZKC6JEX5;2022-03-19
CUST-8CF64SY3CZ9V;2024-04-17
CUST-SWJZIF4ADQK5;2021-11-09
CUST-PXCEPLH5CEEC;2023-05-13
CUST-WMGJQYPM3HIK;2022-06-04
CUST-HDPQNDXQPLIG;2023-03-29
CUST-EENJH2H3D0KD;2022-12-13
CUST-KREZ1HBC3I49;2022-01-17
CUST-YTKIMWFN30VN;2021-05-01
CUST-Y83J382YAIOG;2020-03-20
CUST-OLMM5F6T26FL;2021-09-22
CUST-W6U2D8BAI85N;2021-09-11
CUST-P84DHBR32JHL;2023-09-30
CUST-UBC9XJO9OW77;2024-01-24
CUST-FT1ZPLMXGH2O;2023-04-22
CUST-DBDQX82OR8XX;2024-08-08
CUST-KXVHE28J3YUU;2022-12-31
CUST-EW4WIH1JKFJU;2020-11-28
CUST-RDAGRXDA2I9P;2020-08-28
CUST-0ZISVOGTL1XN;2023-09-22
CUST-M94GFL45JBPX;2020-11-16
CUST-AAJP6S67413E;2021-11-20
CUST-AR1JKOOPQ8PY;2021-12-17
CUST-D4JXIN5BDE77;2023-04-30
CUST-2WOVMVW6H6MX;2020-06-06
CUST-CQ34Z9TIWVAX;2021-05-12
CUST-71OQ9FZYN0RA;2023-05-13
CUST-2ZIFAN87FX0U;2021-03-24
CUST-CG50ID439KWW;2022-12-06
CUST-ZLK746VPDGR8;2022-10-16
CUST-6616EUR0KKVF;2024-02-13
CUST-HR2AEO2N0BWK;2020-01-03
CUST-SSYGRIY26JIT;2020-08-22
CUST-ETYNO7C4O34T;2024-02-27
CUST-GH4OYEYZXLXK;2023-10-12
CUST-E432C9A0OFAC;2022-02-13
CUST-3OT99HACN7WG;2023-01-24
CUST-MMMSW2VZQDHA;2020-02-16
CUST-LTG6X18F7Z4W;2022-08-16
CUST-TMGIJROK2LVN;2024-06-30
CUST-GFHFXID86NKC;2021-03-26
CUST-JU4835K8EFAM;2023-04-30
CUST-CYU5XJX6SCO6;2024-06-19
CUST-3MNAZEFQ6U6U;2022-09-29
CUST-QZ41T0SE6T1D;2023-01-01
CUST-GCFSCBLQQBEK;2024-03-01
CUST-O79I86BPC7E6;2023-08-11
CUST-4TE6L5IO2LFY;2020-01-21
CUST-GHO8V34D1YBZ;2021-07-19
CUST-B5FU5DSQZRO1;2023-12-22
CUST-F8PBIHIN4WEX;2020-07-04
CUST-KXNY843MDFOX;2020-09-18
CUST-WX27XDLL7PK8;2021-06-05
CUST-7IOVRYKFV1L5;2024-05-24
CUST-KL752ENTX6RF;2021-01-17
CUST-0JWO8G3IQM6D;2021-07-27
CUST-D75J7MXVCWER;2020-03-17
CUST-ZKRJLUN8RHVU;2023-08-11
CUST-E8TD28P09POL;2020-04-13
CUST-SZ7DFLHJS39A;2020-01-30
CUST-X8YF3NG75ZKO;2021-04-21
CUST-C2NJ6N593PWT;2022-02-21
CUST-V4T9BZ4ZDQRU;2021-04-24
CUST-CUA37GP8GABQ;2021-04-12
CUST-EF9QR2K612JI;2022-04-12
CUST-MBC46UH0RL07;2021-06-29
CUST-XIN5FJ0D6UQD;2023-07-14
CUST-EUF3U2I7U1HZ;2022-03-30
CUST-WU3I30UI630E;2023-07-11
CUST-OEWC6D7IU1K6;2022-08-18
CUST-8BKUP771QSB2;2023-04-02
CUST-T3BV9U8X3FA7;2024-03-07
CUST-PYU81W42QFKN;2020-11-19
CUST-QS552V3WSSXH;2020-02-18
CUST-8X7ZB31JSR4G;2023-02-23
CUST-PWYAPEB27LYP;2020-01-30
CUST-5PYS5HO1CDS9;2023-04-12
CUST-Z8QOHU25HSGE;2020-06-22
CUST-1YROHOGB93WD;2022-05-07
CUST-K9OZVVUK2HAQ;2022-09-14
CUST-6YVHY6ZHNOZA;2020-04-26
CUST-226JWN3GIYOW;2023-10-11
CUST-YR0KTIV25QCV;2020-08-05
CUST-645O64BK65AU;2023-10-04
CUST-UR09FXZ5D2KR;2024-06-01
CUST-MGED49L1YI6E;2021-03-06
CUST-N6TOIYR1KD2Z;2021-06-23
CUST-XN7ARAA6VBUW;2021-01-03
CUST-1DX04E6M4M4A;2021-04-30
CUST-K7WK9CJAJ9KG;2024-07-14
CUST-KS34663ZSLS3;2023-02-22
CUST-RZFFJV3NOYBW;2023-11-07
CUST-9RI9PE93KLB7;2020-10-30
CUST-SIICVX2MG3Q2;2022-02-15
CUST-Z1NAM9FH7UYN;2024-04-16
CUST-AT38QUTOSRU7;2022-08-01
CUST-U6EBOPW1ALHZ;2022-12-08
CUST-M3OD197URIWM;2021-09-29
CUST-R7E1GIA5B7LV;2022-07-11
CUST-RP9D43BG2Y7T;2022-03-21
CUST-FQJMEKJ8PR28;2023-07-26
CUST-S83WTZQIN2AO;2021-02-22
CUST-AE95VCXYZHN7;2023-01-25
CUST-32OA4QDWVGHZ;2020-04-09
CUST-O63POP73YN3H;2021-11-30
CUST-PE8DHYUTC5MM;2023-09-01
CUST-H2LNY4WEVW6S;2020-02-20
CUST-F7NCMHRMDISF;2020-07-23
CUST-XPFBLPBD6YST;2020-08-10
CUST-1HXLB1F71D2P;2021-07-28
CUST-P3HW4MFRVVDG;2022-03-21
CUST-FU4PSHR4L33A;2021-04-21
CUST-O8U05Z5LZ4ZI;2022-02-20
CUST-5JGUGCXLBCFR;2024-08-14
CUST-NAO49YXNAZIK;2021-04-18
CUST-7YI6E54B3ZNU;2022-01-23
CUST-3S0ZC4ZT711B;2024-04-11
CUST-VKI6X0OWGK8M;2020-04-20
CUST-CZFRTKZ316Z7;2022-09-18
CUST-R71NSJM8AYEX;2020-05-18
CUST-RKJ856RIT3PH;2024-04-03
CUST-0FKO23NSFG51;2020-12-03
CUST-ST03LMH21OKQ;2020-06-09
CUST-WKP317E2W6PN;2020-12-06
CUST-PIWMPRMZNUR3;2022-04-09
CUST-ZDJVEZ81C0OI;2020-09-10
CUST-6AQU1Q0EZR0K;2020-04-12
CUST-CEW25RD9HZX2;2021-11-10
CUST-SNB147ETKTMT;2021-03-12
CUST-43KT6TRKT7DO;2023-12-11
CUST-G69D3RPLCMOP;2022-12-20
CUST-F3QABGPBEQL1;2021-11-13
CUST-MG8ZE81S45H3;2021-07-22
CUST-CZBFAI16P3RX;2023-02-27
CUST-T1UH8N7E2VI7;2023-08-01
CUST-HGKADQ0XGTXI;2021-12-07
CUST-NL1JAE276OYM;2022-09-19
CUST-JMJ5R89W3437;2020-10-16
CUST-XXZMEWU36RJ3;2024-03-05
CUST-VSFJ3B2CX85Y;2023-12-20
CUST-ONXLZCZVG32R;2024-02-11
CUST-JZPHVFIA0Z89;2023-12-07
CUST-NOE8X8LT2IWH;2023-06-15
CUST-I3MHPVC48DMB;2024-01-08
CUST-5NE8I2GQK470;2022-03-21
CUST-VDPZWKE2DWAD;2022-07-25
CUST-X72AW6JN07ZS;2024-08-14
CUST-BQ7HQBQZPJ6O;2021-06-20
CUST-VLT7RXPAIBZC;2024-04-15
CUST-64T10OF4VYN9;2021-01-20
CUST-5IIAO6MZ6U32;2022-06-04
CUST-I8EA6Z3GQYVH;2020-04-04
CUST-HC2FZUB2OJTF;2023-11-28
CUST-7YXTJLHIBW36;2021-03-23
CUST-K64VEEE0H8YV;2023-02-02
CUST-MO5SU8P0JHDT;2021-12-09
CUST-YUIZRUZQBW92;2020-11-26
CUST-61HIIHRWAG6W;2021-04-02
CUST-IHX9X7GD2FKO;2024-06-14
CUST-CDUYEQEI52QG;2022-11-22
CUST-81MIE3GTE030;2021-06-11
CUST-CHEFCUKS5M0V;2023-10-31
CUST-6NC1IPAYTIQD;2022-02-13
CUST-V8UY45N5LRMY;2022-11-08
CUST-PM5Q7YC5TEW9;2020-06-29
CUST-QSZBIQTKXJ34;2022-06-07
CUST-8AD4YT024UVB;2020-11-04
CUST-DKT72T9DXOI9;2022-04-15
CUST-FMJZQJXKP31J;2023-09-03
CUST-MMOT4DO3ZI20;2022-08-18
CUST-BAGCQTI4BQVK;2023-01-13
CUST-E7OM7ASBBHEN;2021-10-10
CUST-GV7LNT08ZW1T;2021-04-02
CUST-SBU0W4VJCK0W;2021-02-26
CUST-9ZSSXQ17IFOR;2024-04-29
CUST-5JG9TWYVC416;2021-10-31
CUST-Y5PASK3M43ER;2022-01-09
CUST-EIHBFX7FENSC;2023-04-02
CUST-14Y5UAKWCJWD;2022-04-22
CUST-3ARN0NMC8G62;2021-01-14
CUST-KQJKRY2W1WMG;2021-12-10
CUST-18MECSPXX6S0;2021-01-13
CUST-93TQSHZ5D56Z;2023-07-21
CUST-L045R0SIEMO6;2020-02-12
CUST-7I6N7DE0V09D;2021-11-02
CUST-7DHM3JG63LLG;2021-03-09
CUST-4U9WCKUKME6H;2021-02-05
CUST-4MV8EO8COUAM;2023-04-12
CUST-UTRUSR9NPBZC;2024-07-27
CUST-YWUCVZTOVLY4;2022-11-06
CUST-1P65GB9158ZE;2020-11-13
CUST-1DV3456M8IE2;2020-01-24
CUST-6D2I34UEWJ6H;2021-10-27
CUST-ML0LQH40NZRP;2022-06-22
CUST-XM98W512AXIV;2022-08-22
CUST-KU3AZR4F5A5Q;2023-02-14
CUST-GHUURYR8H27Z;2020-06-24
CUST-AOPC4158YH57;2022-05-20
CUST-HINARNEOXK24;2021-11-22
CUST-T9AOVUEU8GT8;2022-07-02
CUST-V37IAU2O4C21;2024-05-27
CUST-S5SUNF7D5W85;2023-04-07
CUST-2CRM9B90RML8;2020-12-05
CUST-IHOM770U7KH8;2023-04-27
CUST-TKRVK7J9HK0K;2023-08-26
CUST-9WS1150RTB34;2021-04-03
CUST-WU2NK4BJONU3;2022-08-02
CUST-N7NE23Y8PK20;2021-03-10
CUST-MPF2H4YP15AJ;2023-12-21
CUST-HEEEXIIPPJQM;2024-03-22
CUST-OL68O7M93R1M;2021-02-12
CUST-XX0TKNS81TQW;2024-01-26
CUST-EENCQQNF2KKI;2023-11-21
CUST-5ILCDPD3297S;2022-10-26
CUST-2UBVCS8HSUV2;2022-07-31
CUST-8O6MK2JUV1SV;2022-09-28
CUST-7OSZJGGCGXU8;2023-03-13
CUST-9LAG8PZSLWS3;2020-01-28
CUST-5610GKIRVO9E;2020-12-30
CUST-2ODXAVG91Y21;2023-03-25
CUST-S9ADP673HCN1;2021-09-20
CUST-ELOKRKQ6RTLR;2020-09-25
CUST-0COFOZHQUGB4;2023-06-08
CUST-6YXQVBEBOFD4;2021-02-12
CUST-85OPGSQDHX2E;2022-03-11
CUST-01R57HMGTQ5H;2022-03-17
CUST-L0RB6LBECKQ9;2022-08-16
CUST-JKBHXF6QIJKT;2020-07-15
CUST-AGRFYYMFKEEX;2022-04-10
CUST-ODYGG231OCGN;2022-12-05
CUST-RZMBGYBRQT3L;2024-03-15
CUST-OMPW6M4TKNHR;2020-12-09
CUST-W870PE4CO2UI;2021-04-24
CUST-7WVFTK9FIQWG;2022-11-01
CUST-YEI7I26KK0E4;2024-06-17
CUST-XNMEYTLEOKQL;2024-05-20
CUST-85Z187EL90R7;2022-02-03
CUST-ZU2AZ7HQ1PAD;2023-08-25
CUST-XHBKHST8C4RU;2024-08-06
CUST-N0DDRCGZHUSM;2023-08-17
CUST-NKECSOFZ4MVJ;2021-06-17
CUST-V1DJZ620U130;2020-05-07
CUST-JA1UZ1T3BENR;2020-05-27
CUST-NBBL8X609ILY;2023-05-11
CUST-IXSAYMMD9HUX;2023-11-23
CUST-H9OH76IEU18E;2021-03-20
CUST-W56CTNZ71F0K;2024-05-02
CUST-MP66W8PGTVFM;2023-12-22
CUST-FZCYLPRY7VXR;2024-02-13
CUST-I7NL8BMTGJY1;2021-02-14
CUST-JV8370WLY6CQ;2023-02-03
CUST-9BDE9VC5R5QF;2024-04-06
CUST-EPSHKGHSVM68;2020-11-11
CUST-MJ27PSVFS53Y;2020-12-07
CUST-AZGG5UOHBASX;2022-12-02
CUST-JWCYZEC6FVYC;2023-03-26
CUST-PFVJOMQKIJT8;2024-02-15
CUST-QAHF4ULIPAOJ;2023-05-26
CUST-VCF624ST2P3P;2021-08-28
CUST-TNND4SAMU9OC;2022-03-08
CUST-DN2QO5DR6NCJ;2021-06-10
CUST-RDX6A2XRZ2T3;2022-06-17
CUST-9GUNMR5CMTWC;2020-12-25
CUST-2SKX5X60PU6L;2024-05-14
CUST-TM8HTMQT0H1T;2021-02-15
CUST-R1T8TJ5RR9QJ;2020-06-03
CUST-AX4NUNF32GAK;2022-09-24
CUST-QLGUE4G24A3Q;2021-08-23
CUST-38O7089V36P8;2024-06-09
CUST-I97LO97WRRIV;2022-11-04
CUST-ZC7D3DS97IH8;2021-05-10
CUST-PMQBOE7L9AR5;2023-12-12
CUST-XYSC5PKWBO9T;2023-04-25
CUST-YMJHZ6VYG1ZF;2022-01-26
CUST-7KVFA13NKF0T;2024-03-04
CUST-ZJRVT91VUT54;2020-05-13
CUST-ZRCE07N00E7S;2022-08-30
CUST-9RX7Q2Z935Z3;2021-06-08
CUST-ILVDJ08GSQII;2024-04-22
CUST-T33OZJJ1JJ96;2023-02-19
CUST-K9770QMDFPVN;2021-12-31
CUST-KYZHZ4V0IUNA;2021-04-04
CUST-4IOQDL01G30G;2021-11-04
CUST-SSCLEP491G5G;2022-03-15
CUST-Z0WB0J6AYKTM;2024-08-14
CUST-DWWLK06QETC5;2020-07-20
CUST-LXWUOZXLP094;2024-01-31
CUST-V9NG1Y48YLRJ;2023-05-13
CUST-PEDPH2RCSGHZ;2023-08-21
CUST-MM3W6BZFPCOR;2024-03-02
CUST-CUIAQS67JXMO;2024-05-18
CUST-JQOJMSSODIZ7;2020-02-25
CUST-GGTVGN9V3JA0;2023-09-06
CUST-ZIIFPMKIT640;2022-05-21
CUST-A26UA0PS2KBD;2022-02-03
CUST-EU7B1Z3KC03M;2024-06-25
CUST-GB8TFAP2ON6G;2020-02-26
CUST-5BF8O792JQ20;2022-02-24
CUST-K4NKKAYE90FN;2023-08-04
CUST-9XGFMDDQT246;2020-07-14
CUST-MMT3QOXH0DSJ;2024-01-23
CUST-B4RTTVFKCEJO;2024-02-15
CUST-F6U0D13NQ95U;2023-10-09
CUST-2LHCRDRIOZF8;2024-05-18
CUST-YLDNVGI2C0GG;2023-01-05
CUST-3VKVD6V75QAP;2022-10-08
CUST-ONESZJCFRP4X;2020-01-11
CUST-M7YCR1HY9KMV;2024-05-18
CUST-JF3JRJ7DP34M;2021-02-08
CUST-TBJB6YNX386K;2021-10-29
CUST-OFT48KLVAORE;2022-06-01
CUST-9SJKHN5RCRYH;2022-12-21
CUST-HLZOU53U47PS;2023-10-29
CUST-F9T258GK0I22;2020-11-20
CUST-RP6I8L1XLFQM;2022-11-18
CUST-UP6CVS81MNJD;2021-02-08
CUST-EW7HLMSA1EZV;2021-11-01
CUST-BPVU6UVCI3XJ;2021-03-25
CUST-G52A820NESS7;2020-02-27
CUST-HGC1E6EEQBFX;2020-02-25
CUST-USJY42IFJTGW;2022-01-15
CUST-L4M8CV9O5V3J;2022-03-13
CUST-4MOBIPZ8E8DY;2021-12-22
CUST-0SIPVAIPXAT6;2023-01-12
CUST-H30MIAHVB852;2022-01-19
CUST-96FQ2N8NNT6P;2020-06-01
CUST-DRDAF2HGSFS2;2021-12-21
CUST-IEQ7M4KOOT3I;2021-03-01
CUST-IFHFJHMIG07M;2021-05-10
CUST-JANUYI8LDTJ7;2020-09-16
CUST-3VZJBZ3S1Y9L;2022-08-11
CUST-HDG0XU4XUIMM;2020-03-13
CUST-SJ6QNGYMZVWG;2023-02-03
CUST-TF7H3J46H51G;2023-07-29
CUST-A2LCJC6IPIAU;2023-01-26
CUST-O5201TR2WI12;2024-02-04
CUST-PH4ZOIODYCRP;2023-09-04
CUST-0ZMJ4S623AFO;2022-04-23
CUST-IILXIDTFE6EA;2022-03-08
CUST-SZHZ8HZ7SCDE;2020-06-02
CUST-NHFX324EEQHR;2023-11-24
CUST-WHA8RTS5KYGR;2021-08-08
CUST-I6WKNTOU1KSC;2021-01-31
CUST-LKOYY6J4WH1R;2024-06-21
CUST-OMH3ULQ2TSFH;2023-01-17
CUST-HO9X9KYLKMME;2024-03-18
CUST-PWLXFL42Y18Z;2020-07-26
CUST-KVD3K2947991;2022-07-10
CUST-QL16SGWJTKTN;2020-06-06
CUST-76NQJW5KHTJ2;2023-07-26
CUST-FOUA3U2T4XAZ;2021-05-13
CUST-QX20WU4HP22T;2020-03-27
CUST-2KOHGEXCDJDB;2021-04-29
CUST-WZHQD336CRJ8;2022-05-07
CUST-0Q6DPH2HT4D4;2024-02-05
CUST-7R1CRC1FM5UR;2024-02-19
CUST-27QBO6CACJUA;2024-03-26
CUST-SF9TCR0G2MRQ;2022-08-30
CUST-MWZ5BPQ62SJL;2021-10-27
CUST-GL79CT1LAW0T;2023-05-24
CUST-AO78AH6KSR59;2021-10-18
CUST-6TWYZCLXB8V6;2023-07-01
CUST-FV5JN7CV1ETV;2021-11-21
CUST-G42Z6WE8QLWJ;2020-03-17
CUST-7HSUEF8CGYBT;2023-04-11
CUST-5JEC97GLSUJQ;2020-11-08
CUST-RBBEGYXAXBOT;2024-07-16
CUST-F6LUMTX6GZE5;2024-01-08
CUST-R6GWT3C4QTK5;2022-03-08
CUST-CZP3OR6QE4MA;2021-05-17
CUST-SZZOS1XL2ZQ0;2023-01-31
CUST-FAYTXPTW6LHQ;2023-11-04
CUST-8KIS5T7OZGB3;2023-09-01
CUST-M96HJQHY1MHI;2020-10-23
CUST-4OQQN2JT50BU;2020-05-13
CUST-A2X07LD11GKK;2024-06-01
CUST-SQLT3SYPVM9O;2021-01-20
CUST-EDVLQX85E3T8;2021-11-08
CUST-U1SD863YGPYF;2020-01-30
CUST-6IDS1NAII41U;2020-02-22
CUST-MI2VJPYFU272;2020-02-07
CUST-OW0B6VYLQATE;2022-10-25
CUST-RVVW9DE88KKY;2024-01-25
CUST-2XILAT99DGOT;2021-12-18
CUST-6PLIRETXRPKA;2021-12-28
CUST-N5ZNGLZDDFRA;2023-01-09
CUST-L2XOGWK5JM8Q;2021-11-22
CUST-1X574YTUMFJY;2023-11-10
CUST-6U48NBGZYNIY;2023-02-06
CUST-IOG9P2WTNC2O;2021-09-30
CUST-T3FMUOESAHY1;2024-01-13
CUST-RE1777W3K1FX;2021-03-10
CUST-J53CUCZ02HKB;2023-09-15
CUST-RHV32JFNNBEN;2024-05-04
CUST-9HK4LQ5Q328Y;2021-02-24
CUST-37V78UNF5TOQ;2024-03-17
CUST-5M8SNCQQM5VN;2024-04-24
CUST-FCWCFWGNNDAN;2022-11-15
CUST-LK1MXTSUAJK4;2022-06-09
CUST-YFUDBGKXZURR;2022-08-22
CUST-89UPPH07LEDY;2024-07-02
CUST-NIAVFL15IF40;2023-12-26
CUST-WU7ZKQJE4L17;2024-02-28
CUST-LMO5CUMX0V1J;2023-09-29
CUST-YWQUMS78CUZ7;2024-01-16
CUST-ULYKUBAZTYU0;2020-02-02
CUST-ZMAOVX8XYGJY;2020-08-23
CUST-L79PPLDBLYX2;2024-04-27
CUST-VNTANNNLFZ1Z;2020-02-27
CUST-S0NF7U7T4CJQ;2024-01-01
CUST-8YNYIAQALRW9;2022-06-30
CUST-UGO97QGV0JQ9;2021-09-03
CUST-0E7OQIQ2RMXT;2023-01-09
CUST-W8TFOJ5PO48E;2022-03-26
CUST-M4KZW3XRNOIN;2021-05-19
CUST-COSY8YDTG421;2022-08-15
CUST-JYTI3TO8UIH1;2024-01-13
CUST-0GHCU2IJ4PWP;2020-12-17
CUST-KHFNVNIJIZKT;2023-07-24
CUST-BV0B3BJMRDHG;2021-07-31
CUST-4KLMGW0XIGDB;2021-10-18
CUST-H3OY7XDTRC6Q;2022-04-01
CUST-XKXJNUN2V27G;2020-03-15
CUST-3LQP0NIWXZ36;2022-05-23
CUST-67VWFPQSFF40;2022-05-21
CUST-88T1IIKIYPJ8;2022-06-22
CUST-DII5QSGI701P;2021-12-13
CUST-YWFOCDVGDJ4L;2022-07-04
CUST-Y48ZR5VXSHLZ;2022-05-02
CUST-O1M1XCAG1R5B;2021-11-14
CUST-T7J2Q4PKCDWZ;2020-12-06
CUST-KSFK8ZZAHCRB;2020-02-19
CUST-9EDIZVSF4E0O;2020-06-10
CUST-9SUVU4ZU7B63;2023-12-01
CUST-F2O00KTD71NR;2022-10-14
CUST-6OKCZ3CJZ5GM;2020-12-18
CUST-EHTH6UQZTKHF;2024-07-09
CUST-2JZAFBOQ0TI3;2022-11-21
CUST-CDCHY9XL5J23;2021-12-26
CUST-UNCUBFAX1KHG;2021-05-29
CUST-9U1X5QU299QH;2020-06-18
CUST-BA6YRP37TZ8E;2022-06-05
CUST-0O2C48EAVD11;2020-12-16
CUST-WY4RZZE139IJ;2020-06-03
CUST-7BU5XL7SKSDG;2023-09-21
CUST-SIPQHWPCMDNW;2021-11-19
CUST-UIJOMTJ4S3KI;2020-11-08
CUST-7RAT06D0TTSB;2022-04-26
CUST-UBO8XC72I5HI;2022-10-23
CUST-JMLJVORIRPR2;2023-10-20
CUST-JJGBLVH21512;2020-05-09
CUST-J6IQ0HYZVX61;2022-01-28
CUST-N5VDILYPJ8SL;2022-09-25
CUST-FB8DQ5Y143WG;2021-06-11
CUST-BLHBVOIUDKU0;2022-11-14
CUST-5TO8FJ9DBWCB;2021-05-19
CUST-NS8JV5HZZSY4;2020-05-26
CUST-UDI77MV5NKDG;2020-05-12
CUST-UJB1MCAET04F;2024-07-18
CUST-SGMTXR58U5TB;2023-03-28
CUST-1XI36NU7VFJ2;2021-06-21
CUST-C1QCO1XBAP2U;2021-03-14
CUST-L65IXUENFS2W;2020-04-11
CUST-Q3S0HT017XIM;2020-07-19
CUST-72VKN4VTQE9T;2022-12-17
CUST-PMGKNLR1ZQ5D;2020-08-28
CUST-QNIEITGWENQN;2024-02-24
CUST-JF4FNZ6KPN4J;2023-09-08
CUST-QIJ4Y62EXTQG;2022-08-04
CUST-2JOKYY52SV7Z;2024-07-19
CUST-NIUB078LFPF8;2022-12-27
CUST-P0BZD2GKD49V;2021-06-26
CUST-I9K3RPTPTD7S;2024-07-13
CUST-VQ0D6NWQJFD3;2020-01-23
CUST-LXDQFV6LOTYE;2022-03-11
CUST-FJ56XDZ8LLZI;2020-01-30
CUST-8VH9C4372JGW;2024-03-20
CUST-U7JJ0LOJSNY9;2023-01-26
CUST-G1SFYW3VLWIG;2020-03-18
CUST-5VDUP9MS791W;2020-08-26
CUST-W4QQYYVTTBK6;2021-12-11
CUST-T1VV27QJ1DWU;2020-08-31
CUST-7NJZEWIPC864;2021-06-11
CUST-K1SI9SWKJ4PV;2022-10-29
CUST-GF8IE71UAB6Y;2023-10-07
CUST-F7AU6NPNSIBM;2021-01-13
CUST-U1MTPDZQ38WS;2024-02-07
CUST-GZDAWLA0O91J;2021-09-17
CUST-8PHNN57JPNUW;2023-07-09
CUST-9Y1AF5K2ZNL4;2023-04-24
CUST-TDHI1VC2D4SH;2022-02-26
CUST-Z4WIR04GGWT6;2024-07-10
CUST-OUNGEI7A1EAL;2022-09-07
CUST-MHBQU3XZ6IQ9;2021-03-23
CUST-0ON1Q5FGLP7J;2021-11-21
CUST-YMICXHXALGZC;2023-08-06
CUST-KY8AQ8H6VR5U;2020-03-21
CUST-Z4MMNWLVJKKV;2021-05-19
CUST-2F2VY0XFDP0T;2021-07-21
CUST-SYS2V9ZTGICU;2023-03-22
CUST-NQAB4T4UDZ3X;2021-11-01
CUST-O53370TVTGKE;2023-08-29
CUST-9NDSOMBS8ZMQ;2020-12-27
CUST-PT2NXSELQPSV;2020-12-19
CUST-VAMO12BZ3Q23;2024-04-24
CUST-6I3LXU6ETJ2L;2021-04-13
CUST-QP6PKZIN0BGY;2021-04-22
CUST-V5KUXNJDXTUR;2021-10-08
CUST-JAU1MBQGKSKI;2021-07-18
CUST-YBEX6YZC9F50;2021-10-15
CUST-3ZKLR8JTGDB6;2023-10-29
CUST-54LWS25Y31WR;2023-02-04
CUST-2LC6T8DGHFMQ;2020-12-08
CUST-4Z5PWGP7Z6IX;2023-03-19
CUST-DGYK34JNII6L;2020-12-31
CUST-0RFOLJOUIWM4;2020-11-01
CUST-9JF3YEMOQ7WD;2022-02-15
CUST-0P2819PJWZ10;2022-12-17
CUST-5CDXK9JPGZJ6;2020-10-24
CUST-T8FEM914JBT9;2024-04-05
CUST-Q9NEI99IPV4J;2020-06-01
CUST-75GFKLFOFV3I;2023-06-16
CUST-VR9O54A46EVF;2023-01-01
CUST-1I4A12SVPP3Z;2022-09-28
CUST-4URWCCD4TGSS;2023-04-07
CUST-WQIIC4MVL6KH;2020-05-30
CUST-IVI7LELOKN5Q;2021-08-12
CUST-1P5W1EDPW55S;2023-06-12
CUST-KUUK0I3G9L2I;2020-05-04
CUST-BI790IT0VQN8;2020-07-29
CUST-PFUSLUOIOPP2;2021-06-01
CUST-D19DDCDE72I4;2023-11-19
CUST-Y2F9Q5DOOII6;2021-10-26
CUST-8C2XEA68FYGL;2022-09-25
CUST-N5UMDLFEHBCS;2024-04-19
CUST-AM0P4EZ4DTOX;2023-05-12
CUST-4424JN7M0AP9;2024-05-16
CUST-OJ3PRL8RQEPL;2021-01-12
CUST-M2OIIX9EFQ2S;2022-03-04
CUST-UX1QVX763ACH;2020-02-27
CUST-FO11T0WFF161;2024-05-06
CUST-JLSOJCGMBUJ6;2021-03-21
CUST-CSODPC79JVEO;2021-07-20
CUST-5KMA1V4P6MIS;2020-01-31
CUST-KYPNVVJN7QQ9;2024-07-28
CUST-DNXUNP67MWVL;2024-07-19
CUST-W4I4JPVAU4GH;2021-03-04
CUST-95TSV9S8RT30;2023-02-20
CUST-2UF90OAHORIC;2020-08-20
CUST-OUE8XSY4P1J5;2023-10-22
CUST-PUBH92IJVBLY;2023-11-14
CUST-K5S1WOQXJGIP;2023-08-29
CUST-WZV1EXIYVKAO;2020-04-08
CUST-QQKQHRLKRICE;2021-05-06
CUST-1PXIKYLABIIL;2021-08-19
CUST-145RNRCXI9AU;2023-11-23
CUST-0WVTF1Z3AY1W;2023-11-13
CUST-MK583DO3396M;2021-07-02
CUST-TKEW677Q4YOL;2020-04-30
CUST-95G2OLVP1STO;2024-03-24
CUST-HI9GJLZ4EUJU;2021-07-12
CUST-2L9NQ83CCRXW;2022-01-14
CUST-6IVUZJKTXVRG;2024-03-30
CUST-G0CVS4FK6910;2022-01-28
CUST-E0UXM54KT1YC;2023-05-05
CUST-5R8WNIKSFRGB;2022-06-16
CUST-ZVX4J3TGJ7Z2;2024-06-10
CUST-16XUQREYSY41;2022-07-24
CUST-HMJ3754ZFAHF;2020-09-13
CUST-NTZP6KL93AFQ;2022-11-13
CUST-CIN4RCW68HO9;2021-06-18
CUST-LOK8H88LKWZ0;2021-07-21
CUST-4G7GPDCWO60F;2024-05-17
CUST-PNB67X54QUVH;2021-11-05
CUST-WGU5EQQ0S7SJ;2020-01-01
CUST-TSL6QPDEXQ1K;2020-09-22
CUST-VMYA2QE3TT5W;2023-11-14
CUST-ZHNGHYF8PXPA;2020-12-05
CUST-D89XRD22I1PA;2022-11-25
CUST-9XG3QLDLKXSP;2021-04-20
CUST-TNBXB2ACGL97;2021-11-18
CUST-Q17ABF59617M;2020-05-02
CUST-2A7AAHGJESJJ;2021-10-31
CUST-BT7CMBN2HOWI;2021-10-26
CUST-YD9J6QBHZAL9;2021-06-05
CUST-H1K9FRL9ZBIF;2023-10-12
CUST-IOW39CAYMIG1;2023-09-18
CUST-QOV0C3JN0K6U;2023-12-02
CUST-18LIONWBFIGA;2021-05-14
CUST-BFFZE0CEWTHK;2024-07-20
CUST-5ONN1SZP687C;2021-06-16
CUST-VCZPFIAPLJFC;2023-12-18
CUST-00UDDMXO8TU3;2020-12-10
CUST-EFGUYRNG5RW5;2020-07-24
CUST-QA5POLQW65BL;2023-11-05
CUST-LIT7VDN52HTL;2024-06-09
CUST-L7D5P8MTT2Q7;2022-08-27
CUST-V9KUDVQ77YJC;2024-04-22
CUST-DKZ7TPJFYV9H;2023-04-26
CUST-CWCAM1Y9I82G;2024-05-18
CUST-V69C4I0715M5;2023-03-20
CUST-4KTXTV5DV4D6;2021-10-10
CUST-A2UDXR3WFU9V;2023-12-14
CUST-MPDN45QKBN1Y;2021-09-19
CUST-RV6TGSXY3JZW;2023-12-16
CUST-GVMLTBLXQJEP;2021-06-30
CUST-W4S8VDB2H9KI;2021-01-23
CUST-T8OT9UV9QHUA;2021-09-25
CUST-XLFWU2WU77LL;2020-10-16
CUST-HWCGOCHH83Y0;2021-04-02
CUST-9VEU1KS3K26S;2024-06-26
CUST-557XHMY632II;2023-09-27
CUST-DW7KMFUMEISY;2020-04-09
CUST-Q8N2W52DO0MV;2020-11-18
CUST-0XOQ525BDF92;2022-07-21
CUST-LC7QN1FXEO5B;2022-07-09
CUST-NJXUKOTROCM7;2023-02-15
CUST-SRNUODZTKNTM;2020-02-04
CUST-X1DXT84XIDUR;2020-10-01
CUST-JYDAWU02SYLN;2023-08-29
CUST-OYXWADC8SUD0;2022-03-09
CUST-AVYU89LB0SBM;2021-03-08
CUST-2B9QS1SR05BJ;2024-06-14
CUST-XIKKN5WYEHMI;2023-01-22
CUST-EL8OPA7I13PJ;2024-02-25
CUST-GXHZ06NMG8Q9;2023-11-08
CUST-99B8Q0SVYXJ7;2024-08-14
CUST-JEHT9DR90RYG;2022-04-08
CUST-50FLE9ZRY1S4;2021-04-26
CUST-7I1ILC07EL3L;2021-04-20
CUST-MUDBD0D21DNL;2023-07-31
CUST-5LD7FN0J3T8Z;2021-06-03
CUST-VGR42ORECT97;2023-07-18
CUST-1I4BHY59QT04;2020-08-21
CUST-4Q09HYO2V3WP;2021-11-01
CUST-8SECZI9PNGV4;2024-06-04
CUST-7K8TZP20NOAY;2022-05-06
CUST-AT5DKB4HSBKN;2022-05-28
CUST-3NNFIP0OZKGV;2020-03-18
CUST-RTOUXJLARMAM;2021-12-13
CUST-B0T6XST4DGFE;2020-05-08
CUST-4QLE3PWK0UF0;2023-08-09
CUST-HW4SLMSYSFOU;2020-09-14
CUST-E1BQK03GM844;2023-07-09
CUST-3B5Q4ON1VFTT;2021-03-22
CUST-8377QZBFI90V;2023-02-25
CUST-9KEL1ICEQU2F;2022-01-08
CUST-VX0HJS4JU77I;2022-12-12
CUST-BWAWQ1B23L8P;2021-02-17
CUST-4EKIPIA88A66;2022-03-21
CUST-8JOC91ZTQPER;2023-08-12
CUST-Z5L47J05H9TD;2024-01-06
CUST-16YTH5LYIW6A;2022-04-21
CUST-2RNE6ZE2QTK3;2020-10-31
CUST-H3VE7T23GKIG;2022-09-24
CUST-WJR0BN60K01R;2022-04-17
CUST-7KYLJ2E16EX8;2021-10-06
CUST-105LL768VD4T;2021-12-23
CUST-H17K6W7ZSKGI;2020-06-22
CUST-I1WCV0XSA2LB;2021-03-26
CUST-715P1Z141UAQ;2023-06-18
CUST-I6KWQC7OZWWF;2024-05-27
CUST-KCGORZ1A8AHH;2021-03-04
CUST-XMCXOQ3PXZMW;2021-02-07
CUST-KVIEEIECFZCB;2023-08-17
CUST-TSCC5T8Z83WR;2022-01-01
CUST-VU6Z6IU1KA08;2022-12-31
CUST-267PKRF9XP6X;2021-11-25
CUST-BXWNI7ADXPKY;2021-07-01
CUST-Y18YWAYKVDMF;2021-03-28
CUST-630VAS7GJ3FX;2023-11-22
CUST-4B76OE4B3XWI;2020-08-14
CUST-S2P5KJFBCTVW;2022-09-26
CUST-NLOFRX69FH3L;2022-09-07
CUST-B87FWJY8ZK85;2023-03-16
CUST-SWO20LJBY75A;2023-10-28
CUST-BCTSWKRX1FD4;2020-12-16
CUST-OYIOPOTLH7KB;2021-12-05
CUST-WDEQQZFB82HT;2020-08-21
CUST-GKPBWWCI4S4F;2023-02-22
CUST-FJLA72TO2R4L;2020-07-30
CUST-G9L689A77EJG;2021-03-25
CUST-B1S8D21UQVZS;2020-01-05
CUST-Y9MQQBQ6YSFJ;2024-08-14
CUST-ZWGL694O49AC;2021-12-22
CUST-PDHQF6YE9PXB;2023-07-30
CUST-TGVGX63H4B0V;2022-08-19
CUST-9OOY4D7C5KE8;2022-12-29
CUST-X8E5L21JVYNH;2022-09-17
CUST-5AP4MQGSCJQK;2022-04-27
CUST-9ZTBG79IA6AJ;2023-11-01
CUST-LHE68KG8D5IF;2020-03-23
CUST-5QSZGQ8YEH9R;2024-01-25
CUST-BZO70AU0DXE8;2022-02-21
CUST-PYLBV6HMVO8S;2020-04-15
CUST-2UGQKHC77W5U;2022-01-26
CUST-06UHBCDBKI58;2020-05-23
CUST-Q1ITX3E62P49;2024-05-04
CUST-ULA4GDE47QUC;2022-11-09
CUST-PYPWVAFWQZRX;2023-10-11
CUST-PN0UHPA1UY28;2020-03-31
CUST-Z0XMQP5HU0YV;2022-07-25
CUST-S1CSXD0MRVX1;2024-05-18
CUST-5KO5LWUOF5AE;2022-05-01
CUST-SEMO5IIJEQ1S;2021-06-09
CUST-31M88A497FZ3;2022-06-14
CUST-SVB1GGDIAE1V;2022-12-08
CUST-H5YFCMX0V3P4;2024-06-21
CUST-HHY4LHEJ59X2;2021-08-25
CUST-SZMJWVIXVJF1;2023-09-21
CUST-L8IKHOJ01SVK;2020-05-04
CUST-BPRMAQ2HVFWW;2020-08-14
CUST-LP4T4Z6NLLTQ;2021-07-11
CUST-BMSO9BOUBOM6;2020-12-18
CUST-3HPW80HCPK92;2022-10-11
CUST-EWKVE3P89OIE;2024-08-11
CUST-OPATLFKFK0DO;2020-08-22
CUST-E6T6EGH07GMY;2022-05-11
CUST-KXORKO46EF6B;2024-02-17
CUST-P0RM53Y7M4L1;2023-03-28
CUST-RSRFR8RQ75OS;2024-02-02
CUST-BPGLNFDMW4RV;2021-09-08
CUST-UBGH91VJBJ19;2023-09-09
CUST-R8NEEKUF0ESX;2021-12-12
CUST-5PJUH6CDWVH4;2022-04-10
CUST-LUGKHZ801XRU;2020-06-07
CUST-Y7CP1VSAD808;2020-04-28
CUST-EKA438WE0E51;2023-08-18
CUST-RSBKLFNPH2MJ;2022-03-11
CUST-K2J305G4HN2H;2021-01-13
CUST-3BN0O04Y5ANL;2023-12-01
CUST-M8JQN23KLIMH;2022-07-31
CUST-TBHCCFLB040Z;2023-06-03
CUST-DT2G0V4BV7I1;2022-02-12
CUST-4EDAYXAWZIUW;2021-01-24
CUST-Z5VL2A414Y5R;2024-01-31
CUST-9F3TH8IUK5I5;2020-08-28
CUST-RSFMVF0PRDAA;2021-06-02
CUST-HEYUOQ8Z5XM1;2023-06-03
CUST-T0X7R5T7OFVT;2023-04-02
CUST-78QUPU8QD7QH;2021-02-15
CUST-PRCV3W7HXV7J;2021-02-06
CUST-51F2CM6IGGQZ;2020-11-15
CUST-QOQQ8ZO1ZX43;2021-07-19
CUST-VALOY18DPZQC;2023-03-19
CUST-T4K368QSJ3GZ;2020-03-04
CUST-UH31KHV0BUH3;2020-11-09
CUST-JU7R4UIR6ER7;2022-10-25
CUST-P9QI1QEC02VR;2022-09-17
CUST-UL9344EYUDA0;2020-04-09
CUST-6U8XHL8Z5L2S;2023-01-29
CUST-ECRE2NK55VIE;2022-05-25
CUST-L9MQL42PGUSR;2022-10-30
CUST-VKDJ1FMF7ABA;2024-04-28
CUST-F3KZAUWCVZBI;2024-01-14
CUST-ECGC7GUOLKD1;2022-06-27
CUST-1UVIVRWN3ORJ;2022-01-02
CUST-3J7FY95WLGW3;2023-06-17
CUST-ZWHAYZ6ECD9Z;2024-02-06
CUST-9LV9WK8NWPNC;2022-02-12
CUST-KNFW7QFWHNZP;2023-04-18
CUST-3TGRM1BIZKF8;2021-10-23
CUST-CWTJ0WN2OTII;2023-06-21
CUST-MNNP0VP9X9UU;2022-11-20
CUST-XOXG44JNV4E6;2020-10-18
CUST-VWZG0F2ANVTZ;2020-06-25
CUST-3HZ1RMQP3TFF;2024-02-03
CUST-F555M4U50I0G;2021-07-15
CUST-HT02C02BJIGY;2023-08-04
CUST-TWOF4TUN41SH;2023-03-19
CUST-9NF0PE8I6SXL;2022-10-18
CUST-O8R35SR9T3L5;2021-09-22
CUST-8QAIFYXXHIK7;2022-01-27
CUST-EZ8VY2XIMYES;2021-03-09
CUST-Z8EPSC843CNY;2022-01-10
CUST-UN1079XWI3N2;2020-02-18
CUST-IJI7BQAONUY2;2020-09-08
CUST-ANJGBCIOTZC9;2021-07-05
CUST-FRO484KCAO91;2021-01-21
CUST-XYB4OT1VPVRQ;2022-04-01
CUST-FMB50OWVAURB;2021-07-28
CUST-QCFFQ6B7DWOG;2023-07-27
CUST-GM6VBAYAB8SF;2020-05-20
CUST-JUWT13VL3VQF;2021-12-03
CUST-5EZ08FKFEH9P;2020-08-21
CUST-I8X5X72VD72O;2022-10-08
CUST-0WEU5HABQE6R;2020-07-02
CUST-NODYD8XANQ7X;2022-07-26
CUST-YDM1C0OCGZUT;2021-09-10
CUST-4ZOXVXV6S5TD;2021-06-21
CUST-IYXDMN7Q11O4;2024-05-27
CUST-SSNCL5IL84YM;2020-10-23
CUST-1XIVW2JJXFZF;2020-10-31
CUST-0XPQY0ZGC4ZK;2020-03-27
CUST-VBZ2CGT32QB0;2022-10-17
CUST-1QI7DRFDMJ23;2023-06-30
CUST-U2ZDCL8KO7NZ;2023-02-10
CUST-LPXLN6LY84L6;2021-05-22
CUST-PDLWBUM5C6NB;2020-03-15
CUST-Q080QWSZARPH;2024-05-08
CUST-BRDIUKUNCDIX;2023-08-13
CUST-OKN0M2RJUXJ4;2024-07-23
CUST-WHOFX196HQP6;2020-01-17
CUST-GBJYWMSGAFCZ;2023-03-26
CUST-0SRO1DI81B4U;2022-10-23
CUST-EGQ447AHW2QQ;2022-08-21
CUST-AABUO48KX3NO;2022-10-05
CUST-OXD2U6MMLDKE;2020-07-31
CUST-ZCYGVSJRJ0HW;2020-02-17
CUST-MOW8U9L752J8;2022-01-04
CUST-0GNUWDVN57Y0;2024-02-09
CUST-4YML3KJUDWUK;2024-02-15
CUST-JHSV3NXWCA5J;2021-05-02
CUST-7UBWPYD9DH1Z;2020-12-09
CUST-MCO8247PFKMW;2022-03-13
CUST-NYX112ITZKAP;2020-05-26
CUST-66QKHFHYY2QX;2021-03-27
CUST-OBNWVBJHWC2A;2023-06-12
CUST-2XLSORH31TZX;2023-03-31
CUST-9WTYBZ97H9IL;2021-04-10
CUST-1OYBSXTOER1X;2023-11-15
CUST-9UHA1CLHCC87;2021-03-16
CUST-GZ7F0HSZLV34;2021-05-18
CUST-G46SQQR717LZ;2020-04-15
CUST-F6TIGKY2H6WR;2023-11-02
CUST-2ZRYLY7EJ5K4;2020-12-19
CUST-KZM28WJXZBY2;2024-02-21
CUST-B4ZG6LJEDIF5;2022-02-08
CUST-5HNPI5E2PHZ6;2020-03-06
CUST-M1ZM4ZUGGVQ1;2024-01-21
CUST-NG8D9FFL0M1G;2024-05-21
CUST-EWXB20UTZI0M;2022-09-06
CUST-KSFXTBW9GLTC;2022-07-08
CUST-YU1WKOUKNZDG;2020-03-15
CUST-MLJLG2O1MD00;2021-09-13
CUST-X9BPT6XM7FLB;2023-02-17
CUST-84AAPVN2SVR4;2023-11-24
CUST-N3FHWRHSX64Z;2022-05-08
CUST-5FUSWWVFIXDE;2020-08-06
CUST-6HR8UN4AGS6L;2020-05-11
CUST-B4XSZRIEIK4Z;2023-04-17
CUST-TWVLDW5W0030;2020-12-25
CUST-HO6NGC9KVJVU;2022-10-11
CUST-G4QRO9UDF7JE;2021-02-01
CUST-8J6ZGWDB3YG1;2020-04-16
CUST-D0P0VB3VG7G6;2022-04-29
CUST-KOWACXVDEHH3;2022-11-06
CUST-E34VEIR4GC3U;2020-03-18
CUST-R7XZ7PCE7D9P;2023-07-24
CUST-26T84FOYIGGM;2020-12-25
CUST-OW439DHHUDOQ;2021-10-30
CUST-OBNR9LRXT4EZ;2021-03-29
CUST-3K66CV0OHH7Q;2021-02-08
CUST-EF6LEE9YP7OF;2021-02-01
CUST-J83IMFPOHNLK;2023-07-03
CUST-QO8YJ636BMKS;2023-08-13
CUST-HOKOYGZPO4RP;2020-09-03
CUST-5EVOG9USACGJ;2022-02-18
CUST-VX0VVW5UUXMW;2020-05-21
CUST-BGMKBC8RPBNZ;2020-11-15
CUST-ZK1EFPKVKT73;2020-11-10
CUST-L7KKK2IYSNTB;2022-12-19
CUST-TMD3OCVKDZUP;2022-02-02
CUST-OEPXR1Z7PMFL;2022-03-19
CUST-OJBUM5MRORQF;2023-01-29
CUST-L2XUXYMDPEWJ;2023-07-02
CUST-WEHQX3B461AF;2021-09-26
CUST-C5ICFWY7EXI4;2024-02-15
CUST-RSN3KJNE2QBV;2022-05-05
CUST-DQLVK0IW7BXK;2021-11-29
CUST-QKHUYW35UEN3;2021-12-10
CUST-CN627UY4RDBF;2021-04-29
CUST-WTYYBTAKDS0B;2021-08-05
CUST-5VUODIA54F9G;2023-01-03
CUST-ALUO6GMM8EIQ;2022-06-30
CUST-L2ST2JHI7K9O;2022-08-16
CUST-G899O5PCHEPJ;2020-01-05
CUST-O0MQIZ2G1VTM;2024-04-20
CUST-PH8BFCHIGL60;2024-05-21
CUST-3SGIC5UBE8RH;2021-03-28
CUST-4AOKJ23APZZ6;2023-05-17
CUST-1Z8U1IYX32NU;2022-12-27
CUST-IUXVVX6WVQK2;2021-02-16
CUST-V73RCZ67AA4T;2021-02-07
CUST-1BT8PSH9UQD5;2022-01-14
CUST-D8IOFHVUFX3Y;2020-04-22
CUST-NG8VBS6L21GL;2023-07-22
CUST-1UH2P8YV304N;2021-11-25
CUST-N2COTTMBBIKQ;2022-03-19
CUST-CG23SXJDRNYR;2021-12-21
CUST-4SG1L6OVE09W;2023-05-01
CUST-R12I0KSAOIVB;2022-05-25
CUST-D523Y2EF8GMI;2020-01-31
CUST-DFLPASVNJS5K;2021-03-27
CUST-853HMDKWSX8Y;2022-08-09
CUST-AX5QPS1DLAKS;2020-09-24
CUST-LDTNLBJTV3PN;2021-09-29
CUST-CLFQU7WN71CQ;2021-10-12
CUST-WCB0YXI1L71H;2021-05-28
CUST-7NROQ65V3YAY;2021-11-17
CUST-AX4C1UQR1M37;2023-02-15
CUST-SEYSXROIO1PZ;2022-07-05
CUST-PD1NP7O5I3DY;2021-08-19
CUST-SGVC2ZF3BGOW;2023-09-06
CUST-C89VJ4MBNPI2;2021-05-20
CUST-DA6FL9VQ2SFH;2020-04-23
CUST-I748P44RCYV2;2023-03-29
CUST-KUNSRMS9OTHC;2020-07-18
CUST-KGJ94CWEYE4B;2021-04-19
CUST-XN844ZWFIJAB;2020-02-18
CUST-7WAMOE5MZR4Q;2023-07-27
CUST-M345YIVLJK94;2020-07-28
CUST-4156OAAI6FZD;2023-08-19